row_index,id,churn_probability
52140,19628,0
42489,31312,0
24526,3552,1
13713,25861,0
49565,2562,0
52215,1419,0
23037,7890,0
43605,35530,0
49362,44556,0
14644,40306,0
31744,712,0
14402,1764,0
22642,24700,0
10577,26932,1
53182,55513,0
12315,44340,0
3564,14998,0
32374,4541,0
4155,40700,0
19626,66070,0
21772,20906,0
8006,5739,0
35239,14444,0
20920,23494,0
50315,5982,0
26311,10076,0
19983,44144,0
3953,32005,0
43948,22578,0
53087,29279,0
30814,54106,0
10016,57580,0
50304,32843,0
55062,30271,1
39833,31429,0
17122,16218,0
33449,60732,0
34122,24784,0
51675,66907,0
17074,66849,0
454,15278,1
21176,51466,0
24414,11396,0
45645,8044,0
26920,17908,0
3184,22015,0
18592,10948,0
35215,5958,1
37510,32969,0
36240,56220,0
20290,38790,0
50097,57694,0
54291,59029,0
28824,44528,0
47748,48291,0
22281,21745,0
10413,4173,0
32518,2327,0
51968,6497,0
36721,41515,0
36402,324,0
54548,50026,0
42311,65537,0
40176,52700,0
9572,34324,0
8613,20079,0
5876,39849,1
1219,27509,0
55355,48379,0
7289,50597,0
4053,57973,0
7671,60051,0
2778,68319,0
27317,39639,0
6425,11281,1
12082,28949,0
5115,23584,0
23356,2845,0
32960,410,0
38222,43757,0
26362,52090,1
26513,49855,0
51398,42787,0
1641,3875,1
34374,45318,0
44647,11380,0
43058,39232,0
27797,67239,0
40728,51709,0
16356,26335,0
36505,3965,0
1632,15881,0
28974,34789,0
35041,38348,0
36170,34197,0
41120,2624,0
22839,60163,0
21358,44651,0
42494,22469,0
46234,23816,0
15497,26720,0
52165,62067,0
15587,25918,0
19243,16453,0
7822,26852,0
34652,51259,0
8517,7768,0
36316,56960,0
38983,59624,0
35649,34293,0
52391,49201,0
19834,27637,0
36152,27770,0
32459,29121,0
31637,2432,0
12114,20799,0
2851,34819,0
24415,48958,0
35225,32400,0
9908,46474,0
17132,3555,0
39392,4671,0
51692,14018,0
23967,69312,0
4829,45685,0
428,53448,0
35598,1567,0
48184,9979,0
36255,6670,0
38820,25341,0
22446,1375,0
44836,34352,0
38036,5947,0
8966,19706,0
37514,3269,0
11710,49036,0
26653,48866,1
49490,43278,0
5567,31596,0
18969,28883,1
8740,9459,0
20415,35213,0
38545,44937,0
39959,16950,1
40871,461,0
54462,4909,0
13539,44023,0
40623,19190,0
54813,43228,1
35689,52694,0
5770,48184,0
40657,4692,0
16159,38009,0
35213,43959,0
30555,57684,1
51119,66093,0
10849,14131,0
44917,67021,0
18623,48739,0
15936,49160,0
44059,19150,0
40489,67347,0
2885,7692,0
10593,8942,0
55117,22687,0
19006,14901,0
31726,19140,1
44269,30818,0
10009,44453,0
37745,52787,0
8296,66995,0
20508,6807,0
37827,67452,0
25408,30357,0
44661,51398,0
5771,8475,0
54844,21557,0
4805,37990,0
1390,48221,0
52243,22903,0
55264,9118,0
5395,69235,0
1221,33,1
39459,4854,0
48424,21656,0
9632,4022,0
15217,23890,0
9258,10452,0
20717,39348,0
2893,66745,0
18154,41756,0
48495,25716,0
20518,35618,0
44808,55056,0
11376,64974,0
12451,20578,0
6036,67951,0
46368,65247,0
22855,24521,0
55541,36140,0
9613,20528,0
30516,11657,0
25137,47139,0
6707,46458,0
33379,22656,0
23240,21705,0
42419,17428,0
729,18039,0
22278,55621,0
52600,66307,0
431,9462,0
41908,50696,0
5549,16225,0
35520,44840,0
33319,54537,1
29959,22491,0
5747,27670,0
46872,24195,0
47781,39329,0
50239,710,0
38250,69021,0
15393,51703,0
31456,43016,0
22379,39945,0
48122,58894,0
42132,34467,0
46171,6806,0
7638,9470,0
13883,49204,0
34363,63960,0
24711,3476,1
8557,11161,0
6373,46112,0
20076,61730,1
40261,57897,0
48143,37254,0
1621,49525,0
50329,12107,0
42854,12051,0
11359,45338,0
28701,54348,0
43846,65149,0
51056,29142,0
5034,19346,0
42734,44451,0
3394,22218,0
9738,52747,0
9284,69857,0
23847,1535,0
22681,51128,0
22019,26676,0
26429,14676,0
50796,29208,0
24804,37631,0
42804,44377,0
48915,52481,0
4032,18829,0
1126,44499,0
212,15865,0
53236,1276,0
37278,59976,0
22536,17563,0
16045,14258,0
42203,46224,0
23180,33511,0
10981,122,0
1792,7437,0
34462,45964,0
19155,57316,0
8858,12268,0
36846,67559,0
644,43427,1
22718,22248,0
31537,2393,0
16695,10671,0
18974,58911,0
35253,17414,0
37140,61558,0
23678,15257,0
27627,23046,0
54731,35391,0
14320,34783,0
21496,49841,0
27815,66375,0
15617,8786,0
20260,27567,0
3751,42504,0
52973,29263,0
6095,53554,0
54605,59339,0
42339,23286,0
7650,43848,0
52117,5286,0
27590,17522,0
46464,22050,0
27036,21660,0
40596,29085,0
38068,68677,0
47092,36846,0
1901,1460,1
12387,59964,0
52843,32801,0
16382,59622,1
28046,35411,0
50197,1982,0
26402,12317,0
39446,6372,0
55165,58027,0
39379,64891,0
45461,47296,0
10824,11992,0
20401,49354,1
51418,16089,0
20391,30174,0
6199,34353,0
7615,35337,0
48058,55514,0
4657,10468,0
15520,23200,0
51624,40618,0
24979,39761,0
41391,51174,0
16426,67352,0
13203,26315,0
24528,46434,0
7621,54462,0
31678,12676,0
25023,55276,0
49906,56317,0
16539,49704,0
29871,29998,0
36758,55342,0
41264,10876,0
43835,28611,0
5841,63916,0
36647,62160,1
110,21907,0
41086,7186,0
34829,14931,0
15355,4686,0
24939,50616,1
16870,18556,0
43885,21631,0
4092,16070,0
4524,66697,0
26023,38752,0
55274,26292,1
10552,58323,0
9189,18941,0
19140,481,1
12475,19313,0
18684,40703,0
1005,16890,0
47275,5007,0
54091,18810,0
41043,36277,0
17609,42784,0
14067,5255,0
38312,46241,0
21379,8080,0
10045,60599,1
14131,54274,0
7708,33779,0
13700,61006,0
8971,46944,0
28361,25062,0
7706,14535,1
48437,18830,0
8690,16721,0
43998,41642,1
18701,40943,0
38212,1860,0
26891,56319,0
38954,57094,0
1661,26604,0
14303,63494,0
12261,30313,0
22815,5113,0
5070,61264,0
36853,34144,0
15614,53238,0
22346,7996,0
17080,51318,0
15269,26559,0
2574,23987,0
52071,31364,0
1097,67499,1
34797,35538,0
9452,7725,0
6072,63676,0
13645,51183,0
24590,5139,0
31659,35229,0
50521,60022,0
40430,59726,1
14449,56381,0
8404,64314,0
43364,36901,0
11771,38023,0
1410,47119,0
53815,23344,1
43308,68155,0
53188,19236,0
51361,41957,0
14321,32854,0
52626,14091,0
47487,63636,0
25749,11523,1
6526,52480,0
45977,43145,0
12050,65591,0
23673,67541,1
30902,62311,0
30208,40383,0
33981,8062,0
42090,41129,0
52051,30159,0
2182,63823,0
41510,8529,1
18795,12393,0
16694,21486,0
44773,46635,0
26833,34094,0
23654,67256,0
51600,46861,1
51064,13308,0
48083,60238,1
3502,624,0
43951,42502,0
29934,69916,0
41541,10370,0
10393,17860,0
1039,47535,0
12483,6075,0
45010,27282,0
28705,59063,0
10880,23208,0
3519,68263,1
10369,31386,0
20603,61994,0
49485,56502,0
28442,45985,0
10636,62042,0
43946,41940,0
30045,3493,0
14237,64810,0
51049,68395,0
49254,13747,0
29931,28341,0
45596,43237,0
19609,23155,0
21363,65069,0
31814,28892,0
578,53421,0
43280,13175,0
20574,11129,0
13912,61775,1
53278,67737,0
31161,22401,0
14753,15542,0
37627,30530,0
45011,25625,0
55951,47278,0
23602,39149,0
9568,68238,1
292,57491,0
13197,23384,0
43681,89,0
4229,12811,1
37519,8842,0
16248,45994,0
828,16068,0
6927,8482,0
251,40455,0
54191,41882,0
28097,14876,0
20050,41358,0
22517,11676,0
30631,37011,0
13256,2262,0
18622,49059,0
14311,3260,0
38307,58760,0
22256,48299,0
29413,42274,0
39737,28932,0
20413,13085,0
32098,9198,0
26377,68184,0
15815,13668,0
24235,43227,1
45173,40279,0
47321,30695,0
776,17318,1
4269,52261,0
35881,19254,0
44202,62514,0
40755,36249,0
54829,47191,0
4212,49610,0
42848,48294,0
23893,63623,0
20349,15219,0
23200,41520,0
53874,39367,0
36858,34608,0
16399,59467,0
48732,55174,0
35882,6981,0
45819,62553,0
24332,39008,0
51320,8081,0
47301,67266,0
34373,6859,0
20179,60870,0
1866,46563,0
54122,68759,0
19271,63418,1
31158,22499,0
8665,51444,0
38966,53586,0
42073,8594,0
44806,29507,1
19848,272,0
12407,17431,0
43165,42376,0
27918,13407,1
38453,47994,0
45696,49639,0
12859,39854,0
54477,24880,0
29314,8423,0
51321,15504,1
35346,45116,1
14061,57397,0
2331,6796,0
9541,63355,0
29293,67099,0
10927,9130,0
21484,66753,0
48704,57994,0
32631,62579,0
47474,32653,0
16974,6574,0
1477,41414,0
3263,61544,0
55437,67236,0
36259,19665,1
27988,66421,0
39084,50780,0
38478,9095,0
30946,40049,0
14894,66740,0
2969,16319,0
26300,57243,0
26704,1472,0
40557,60145,0
39337,1534,0
9790,66156,0
34340,21729,0
9519,64875,0
10012,62821,0
21201,41287,0
32754,55777,0
7133,27578,1
43022,38421,0
41592,25690,0
8874,51590,1
6175,56617,0
38817,63266,0
37423,49297,0
7785,42517,0
51285,2510,0
1608,69818,0
586,34041,0
4219,471,0
52239,52254,0
50063,45736,0
4465,24669,1
45387,3146,0
17960,15840,0
28455,27862,0
26087,52095,0
29591,11055,0
38323,22259,0
51165,45072,1
10877,60533,0
5090,10993,0
19315,66418,0
54172,50401,0
49725,18633,0
8466,64194,0
29525,30697,0
14229,49083,0
30732,14036,0
28076,15614,0
35101,52105,0
12955,7019,0
12597,66571,0
1138,27423,0
25132,59226,0
29791,59566,0
42028,67717,0
34264,54191,0
35599,3250,0
36831,12055,0
22657,63424,0
28485,32530,0
35508,29758,0
9851,58546,0
31613,30445,0
9621,17833,0
47179,54759,0
27254,51142,0
17419,2014,0
47990,29159,0
15418,57486,1
23214,23625,0
50386,25807,0
54265,18475,0
55086,33606,0
34083,30021,1
52927,57204,0
48498,26782,0
16174,50934,0
22858,10808,1
11841,69683,0
13983,59586,0
11647,61347,0
55300,53172,0
47603,2427,0
6921,50133,1
49350,47193,0
11665,55012,0
1414,52646,0
44249,5635,0
26477,30132,1
40062,13015,0
24757,65736,1
6196,10397,1
10074,26972,0
6348,8385,0
38766,57636,0
44061,46572,1
9988,57421,0
45502,50539,0
51591,17028,0
1491,49667,1
50476,59706,0
12946,67753,0
12495,2574,0
19772,50797,0
43549,60630,0
54279,52349,0
46807,64014,0
5348,25943,0
49442,41311,0
45767,16870,0
42157,302,0
19370,34687,0
28297,58214,0
5751,23774,0
914,20005,0
30389,26736,0
54129,44052,1
49108,1191,0
23837,42227,0
20063,61835,0
29253,45647,0
52523,59690,0
30887,42108,0
17020,20053,0
23978,63407,0
22038,11655,0
48214,17554,0
19042,64009,0
7416,13527,0
50501,66152,1
18714,32181,0
49488,38868,0
43350,27549,0
37478,39115,0
2965,37744,0
4040,17688,0
42655,3478,0
25861,23675,0
6418,49435,0
44450,63637,0
36968,1235,0
50938,54173,0
47123,45639,0
32507,50662,0
1253,56273,0
7598,24445,0
40523,67838,0
8481,16905,0
12123,19420,0
44502,58858,0
43570,61516,0
23151,25269,0
32100,20174,0
1842,34556,0
52271,68219,0
8886,5686,0
38167,69158,0
8074,21235,0
12037,39827,0
51446,48649,0
55376,66706,0
48268,31353,0
33970,49319,0
29223,69227,0
6478,52336,0
4157,4836,0
6808,7781,0
40878,1090,0
38408,34706,0
9485,34272,0
31041,62941,0
7497,17507,0
34676,26247,1
23475,54169,0
17124,29020,0
273,66520,0
19232,35257,0
10674,42952,1
55808,12039,0
54740,62570,0
47631,1578,0
4884,65398,0
48384,34429,0
53492,19957,0
25181,31901,0
46752,689,1
7932,20776,0
53073,16740,0
36195,12666,0
1584,19743,1
5687,61114,0
936,1491,1
32417,69361,1
22022,22541,0
9232,8034,0
54017,57970,0
45804,45210,0
18380,13074,0
47423,33924,0
26615,39752,0
20705,31893,0
17233,42695,0
53985,56532,0
27849,65769,0
14848,54656,0
51778,8574,0
29716,47509,0
37659,36430,0
22545,29306,0
10317,16643,1
5763,52396,0
3698,20681,0
38172,55623,0
33034,4696,0
19826,11340,0
4488,10837,0
16522,47844,0
971,48229,0
7646,44972,0
9763,53615,0
33494,37570,1
20726,4243,0
44532,6307,0
6945,57831,1
32074,57036,0
13988,12381,0
54666,423,1
51676,24222,0
7744,38356,1
12440,63177,0
19463,17367,0
47465,11102,0
54040,28436,0
52708,36263,0
8899,497,0
47690,64993,1
4609,23857,0
462,35130,0
49382,10854,0
19498,7785,0
20879,40900,1
48892,1421,0
49994,11038,0
7845,62818,1
48557,48619,0
32146,64371,0
28515,19414,0
19358,17834,0
42205,28029,0
22774,36866,1
29457,17739,0
46593,66640,0
2982,42489,0
35444,31600,0
11088,28908,0
26491,5631,0
7511,69428,0
17681,62188,0
6651,56203,0
49579,64466,0
32189,42589,0
13505,58390,0
12103,42130,0
38111,1761,0
52820,31890,0
4374,41237,0
35486,39042,1
52956,58213,0
18432,68998,0
18923,37717,0
1967,35625,1
9806,41020,0
33745,32467,0
32358,36312,1
31505,46174,0
40800,6525,0
9022,68803,0
19461,43129,0
55867,59545,0
51236,13561,0
47491,34762,0
47187,44401,0
5610,51802,0
3073,26918,0
52517,37093,0
46426,57442,0
28596,27537,0
54492,59766,0
1388,49109,0
19490,5350,0
28600,37358,0
11069,47974,0
38469,69723,0
17133,47579,0
42308,3551,0
3265,68990,0
25228,63921,1
39334,1664,0
8178,20751,0
40833,17616,0
51564,5053,0
6108,6883,0
11077,28764,1
2298,7739,0
50942,9013,0
17832,19872,0
18707,34337,0
16987,28828,0
4046,21230,0
39400,38961,0
26895,44971,0
11047,31406,0
20194,56218,0
39101,15760,0
11200,51964,1
25756,15166,0
29554,45753,0
32597,40286,0
2322,29698,0
19287,23237,0
30231,40591,0
49530,11681,0
45209,19549,0
29998,46494,0
46259,22836,1
7306,27782,1
53481,45716,0
55575,51273,0
39271,30810,0
40808,61055,0
8363,5940,0
36676,22601,0
26699,3544,1
44351,41422,0
55180,67690,0
13702,15411,0
6821,27972,0
8440,57598,0
32751,29999,0
52350,42125,0
27395,55909,0
39783,25117,0
11863,52112,0
42728,4626,0
9793,68980,0
54751,56005,0
28932,54296,0
16425,1750,0
34955,63321,0
30769,69199,0
12033,52681,0
50090,62345,0
21044,20942,0
34047,24414,1
4800,53487,0
34487,54631,0
19633,15596,0
13151,19915,1
12613,27057,1
13717,824,0
39834,1884,0
12909,290,0
26225,59986,0
16476,10877,0
44403,48492,0
51767,4247,0
6165,25754,0
15714,5134,0
8477,20176,0
51543,45733,0
35819,29674,0
52804,30970,0
18419,29719,1
25952,21171,1
28655,13975,0
10459,24551,0
43100,38937,0
15364,53105,0
41956,64286,0
48348,37239,0
46120,5731,1
45341,69746,0
26303,33660,0
42031,41374,0
27826,55067,0
28337,23104,0
35090,28424,0
43684,41411,0
26369,17557,0
34287,58731,0
54722,55426,0
24169,39045,0
39204,17047,0
54659,43152,0
36917,5038,0
52263,31967,0
29339,38272,0
22035,42705,0
52747,23514,0
5627,23102,0
9023,40971,1
31157,11418,0
2579,30151,0
35852,18978,0
21342,48188,0
52376,48165,0
37759,27883,0
31287,51449,1
15914,59834,1
51711,56101,0
17724,2758,0
21317,6446,0
20060,69662,0
13949,50548,0
9478,32013,0
38160,22159,0
26494,60109,0
19090,39456,0
36232,35568,0
53167,18809,0
28838,48576,0
47738,7308,0
33373,7428,0
36836,39296,0
52396,61874,0
54053,9260,0
697,20275,0
36101,27425,1
41518,40723,1
51748,58775,0
38656,42726,0
16540,26197,1
24407,29696,0
31347,60156,0
32474,36446,0
6111,32744,0
42198,37060,0
32775,18104,0
35352,25652,0
52040,7373,0
53218,12455,0
23815,3088,0
17807,34312,0
43776,13092,0
53622,2108,0
28175,41903,0
21504,22226,0
38821,12428,0
23498,12366,0
29839,53351,0
34805,25832,0
13774,49312,0
40500,26217,0
28856,37162,0
49372,21556,0
5692,42870,0
23571,8093,0
27517,14130,0
26391,13237,1
17005,16953,0
22916,34072,0
42593,21467,0
13399,31841,0
50040,27030,0
42221,9438,0
33464,29172,0
7250,3154,0
29248,39820,0
22342,69271,1
12267,62988,0
54506,51215,1
7209,14395,1
15074,3629,0
1246,67558,0
45721,4627,0
5718,45508,0
43725,68617,0
8893,64917,0
19293,27508,1
23686,52893,0
52661,15696,0
19421,36231,0
49710,11944,0
36190,1937,0
3789,61947,0
3840,45854,0
40208,20363,1
14835,43377,0
4894,19731,0
35975,3934,0
2493,8668,0
36105,544,0
52873,36189,0
30867,56249,0
18081,51103,0
37149,37256,0
15121,45711,0
43262,28733,0
26024,25699,0
50860,68730,0
26387,25618,0
44290,18937,0
30790,10082,0
35478,16268,0
9351,65757,0
26522,39605,0
49044,13884,0
32300,61996,0
6623,5603,0
13897,63593,1
19434,36524,0
17466,60456,0
2399,42948,0
49761,25143,0
24896,40644,0
38114,59168,0
43970,62490,0
28721,22612,0
2515,34827,0
28093,63683,0
45184,16310,0
54182,55405,0
22968,12358,0
6413,29774,0
18301,2360,0
38872,28532,0
32713,29940,0
51143,64628,0
46166,3842,0
30347,11886,0
32372,66114,0
3418,49510,0
54036,53791,0
39537,8876,0
16849,9315,0
33019,35358,0
54929,19876,1
13464,43154,0
2522,32041,0
21981,12952,0
11165,2612,0
41100,30012,0
50483,18338,0
10817,52151,0
44975,33638,0
20550,13305,0
20815,41833,0
49628,44503,0
1566,43491,0
34193,67121,0
34059,54951,0
53001,34259,0
19898,35596,0
22425,47521,0
23046,68377,0
25222,58140,0
26786,50279,1
21126,8538,0
41751,45129,1
30228,41521,0
10199,18916,0
36096,19929,1
28156,45567,0
55658,46350,0
37767,12823,0
5946,67485,0
10656,58951,0
3272,60122,0
17876,14544,0
53977,45191,1
25944,758,0
37716,43011,0
31103,42185,0
20825,43836,0
8786,6605,0
31492,19766,1
8913,43674,0
26814,58655,0
43569,34850,0
50992,69392,0
40282,6264,0
45432,15302,1
43704,65294,0
18068,32214,0
36172,22586,0
16311,46383,0
36242,25412,0
46042,43811,0
45244,38856,0
3955,26854,0
46412,68475,0
28644,58524,0
44680,9081,0
41140,26348,1
51268,31389,0
31603,40,0
22910,28835,0
9679,1247,0
43339,58387,0
42812,45812,0
45288,23692,0
53973,29443,0
21152,41118,0
44562,1167,0
28028,30525,0
55476,47444,0
23372,12716,0
24606,45423,0
14902,27666,0
1182,22891,0
49895,52251,0
10239,46464,0
18124,40509,0
16521,67840,0
19685,27231,0
44655,36757,1
38391,34238,1
2949,56677,0
6913,21219,1
4039,60554,0
12038,68585,0
35875,38333,0
44344,56173,0
18092,8535,0
13687,67360,0
45114,42811,0
5989,47349,0
800,65345,1
25422,17992,0
29891,69447,0
44735,30948,0
17023,1743,0
47325,1208,0
54434,67566,1
18858,62912,0
1281,7584,0
41951,44851,0
18536,5195,0
36319,52190,0
25400,64969,0
45192,40467,0
6,11076,0
15267,10145,0
18902,27922,0
24878,20291,0
23348,8882,0
7528,58621,0
43591,17601,0
33027,23407,0
33353,14066,0
11582,18820,0
17891,47244,0
31518,54690,0
31386,24258,0
25273,3919,0
39154,47568,0
30530,21446,0
8909,33564,1
18439,49141,0
41099,69752,0
47100,34054,0
31084,24158,0
20233,9023,0
6340,3639,0
28631,22513,1
52471,31646,0
28385,25835,0
45338,51826,1
30229,32595,1
34798,22570,0
19527,1151,0
659,15816,0
30091,17675,1
30277,2494,0
2710,58482,0
2296,7044,0
20109,16112,0
4672,20541,0
43955,40616,0
8703,22989,1
41195,7674,0
50730,55160,0
49817,68775,0
40341,40680,0
54349,27323,0
43760,63798,0
31120,63913,0
32757,18746,0
6936,53270,1
52912,63783,0
54852,28163,0
48955,45697,0
3804,132,0
46453,33991,0
7474,54052,0
15766,29955,0
43862,28098,0
41880,64742,0
8470,62465,1
34303,66895,0
3156,43799,0
17737,48347,0
3834,55260,0
43181,58415,0
24316,23759,0
24613,67924,0
20847,46971,0
40683,56260,0
17121,56892,0
35072,6165,0
25542,18792,1
42912,22971,1
3142,7443,0
11256,32895,0
38386,23057,0
53122,35827,0
37972,14960,0
11247,20976,0
26458,200,0
3940,41095,0
2098,3162,0
48063,25527,0
25667,49309,1
12610,42672,0
4772,53181,0
55758,31753,0
43958,66973,0
44090,59524,1
28275,46535,0
23647,8796,0
42174,69955,0
11988,40692,0
998,31571,0
18086,37015,0
41815,45513,0
25264,68405,1
49505,46023,0
47528,7278,0
10574,58560,0
24699,11044,0
6481,23444,1
25922,53389,0
14791,40065,0
32198,56982,0
2608,44172,0
1856,37447,0
9992,3847,0
42388,47277,0
30528,859,0
39841,6124,0
23480,63446,0
17004,49451,0
17967,11292,0
23850,14475,1
8085,20873,0
14966,64340,0
46936,9093,0
24164,2824,0
49782,25696,0
40987,58563,0
9167,46769,0
22265,34057,1
35156,36491,0
19592,18127,0
47794,65521,0
23779,48963,0
53195,29509,0
33007,18455,1
53003,25458,0
8357,2710,0
5729,32693,0
32601,4552,0
39155,24268,0
6429,40099,0
48843,23996,0
19055,65255,0
2008,11312,0
41970,25785,0
54372,2794,0
4464,67371,0
12331,49338,1
35147,15573,0
13461,55413,0
37515,22448,1
52583,36114,0
20629,68432,1
36202,56329,0
5966,47627,0
55171,43194,0
4836,14995,0
11028,18097,0
45746,53435,0
3168,18396,0
25977,30466,1
35703,9308,0
28115,12590,0
49717,25991,0
50068,18322,0
40103,1186,0
29117,10849,0
5582,4155,0
26254,10087,0
5683,57225,0
396,48413,0
1583,4855,1
18600,66260,0
21203,3507,0
43008,43483,1
8257,39235,0
35564,21844,0
49793,53214,1
2907,33058,0
55975,27069,0
26889,27449,0
3735,26484,0
3104,5592,0
20986,11147,0
11902,16239,0
25375,40662,0
32052,10662,0
27368,40547,0
46205,59765,0
29499,36361,0
27934,58124,0
15004,18614,0
23149,25145,1
26357,31111,0
50190,6253,0
15110,42470,0
14603,7154,0
46065,31329,0
21222,60180,0
16854,43622,1
20275,54243,1
36500,4713,0
27651,7423,0
28367,23821,1
39858,25586,0
21671,12066,0
9128,48383,0
54325,52553,0
5637,6875,0
54846,56654,0
40121,15744,0
36773,14785,0
14651,68416,0
43176,2627,0
8564,39563,0
13459,57384,0
13871,14509,0
6049,38814,0
51191,940,0
7964,17900,1
24738,24591,0
11100,12228,0
30004,21240,0
2726,12963,0
15970,20035,0
43452,22268,0
9480,69896,0
53901,61034,0
8961,21823,0
19117,57313,0
27550,18949,0
53429,36404,0
37318,5647,1
41647,22613,0
45003,63173,0
51836,30813,0
22790,65296,0
44893,34011,0
27346,28820,0
48311,67926,1
36890,35913,0
45647,61497,0
46394,51127,0
34277,35942,0
38345,18842,0
16152,39635,0
8908,13616,0
13420,27259,0
16297,40720,0
24983,52965,0
28318,36228,0
7753,27681,0
19382,14599,0
52508,11592,0
41230,27952,0
30594,43722,0
11917,2847,0
43990,34987,1
25809,63456,0
52569,65797,0
42120,38635,1
30227,28298,0
10506,66276,0
36376,6582,0
21374,42588,0
2630,60530,0
7339,39657,0
39735,43926,0
20821,46059,0
21963,16757,0
16890,24398,0
31393,25910,0
44074,65900,0
27319,1585,0
40196,8234,0
34,48210,0
34908,1733,0
47188,68470,1
36078,29150,0
49227,9536,0
30700,60622,0
11948,44197,0
12532,52471,0
3085,40929,0
30693,39214,1
42164,43578,0
9025,16766,0
2210,3703,0
29067,50031,0
5676,50691,0
15075,46021,0
53790,50680,0
13752,26718,0
13168,51980,0
22630,34332,0
890,31252,0
39989,64353,0
20062,42344,0
44315,38152,0
47912,39527,0
1655,59527,0
18783,59068,0
708,18209,0
46767,45021,0
19962,34345,0
33812,58566,0
10948,31452,0
44567,3187,0
7478,65386,0
19756,15461,1
53962,17351,0
39254,41656,0
43724,50300,0
29156,61769,0
3335,37741,0
25959,11428,0
52026,67269,0
24847,13765,0
2247,52093,0
6653,45403,0
22581,13512,0
33162,69626,0
55974,51756,0
23719,59272,0
15125,23906,0
38594,66945,0
14290,67872,0
22400,39511,0
2449,67389,0
40457,8320,0
55687,63198,0
3928,51683,1
54678,6421,0
40450,31302,0
4095,17800,0
20784,27252,0
41145,46154,0
12372,2997,0
40322,69696,0
26852,12131,0
38866,62440,0
19384,23008,0
23573,50615,0
29051,42566,0
54546,590,1
32693,4881,0
22624,65217,0
49993,23640,0
4264,53205,0
26354,17191,0
24029,48710,0
40882,16428,1
28563,16269,0
3095,45646,1
15703,57293,0
18573,10189,0
50582,63187,0
18172,54578,0
26410,61875,0
46019,28,0
20433,9642,0
24293,57490,0
11757,57851,0
22607,62455,1
40126,1117,0
52093,24375,0
43993,2402,0
40605,39200,0
31951,23712,0
20949,60324,0
42974,46074,0
28846,50227,0
40426,58934,0
27006,63229,0
31425,33825,0
9040,6108,0
30200,3760,0
27831,10114,1
49718,59283,0
46861,27401,0
28153,48238,0
47506,28485,1
15665,40941,0
39079,35195,0
29682,54172,0
51998,47897,0
38584,67112,0
31427,21882,0
2528,22518,0
3638,37206,0
41465,51434,0
38971,56247,0
18236,35848,0
36508,62840,0
43765,20491,0
55621,60743,0
15382,31867,0
17291,46401,0
15998,64117,0
17557,15708,0
50982,62625,1
45920,101,0
32629,4852,0
34842,35548,0
15157,48987,0
51719,36419,1
16113,33080,0
27795,4455,0
7703,36087,0
7613,59779,0
31477,29576,0
51390,29928,0
14524,13333,0
30675,28006,0
40442,38985,0
52295,15509,0
46327,51343,0
20395,67982,0
4863,22528,0
10113,49022,0
10063,20436,0
40063,48601,0
45530,29115,1
38899,47434,0
49550,41759,0
1402,20804,0
25623,38258,0
17516,68737,1
4031,30319,0
34762,57289,0
31782,6837,1
45691,27634,0
33526,60514,0
38254,11706,0
14888,35999,0
27047,58055,1
36956,49270,0
285,42401,0
7781,21768,0
30126,55646,1
24447,6149,0
7401,53284,0
18641,28136,0
33795,12632,0
3425,26545,0
13352,20468,0
18247,783,0
38592,52801,0
45431,25758,0
1372,34036,0
21235,47768,0
27024,21269,0
30318,21293,0
39757,20937,0
52863,2988,0
476,8709,1
38499,10266,0
39857,9800,1
41904,28033,0
33874,35052,0
44884,66946,1
22883,11716,0
3419,48306,1
33898,44334,1
35675,45490,0
38713,44970,0
50161,44578,0
32319,64517,0
35138,17824,0
52308,60795,0
50867,31374,0
39414,56450,1
36057,55884,0
16166,31944,0
31986,40363,0
22160,22161,0
47686,68748,0
40169,4699,0
33594,11973,0
36264,20527,0
35237,7366,0
12266,57245,0
17128,16613,1
33640,25908,0
18417,5535,0
16954,68764,0
3189,27075,0
43033,5851,0
7168,65838,1
36926,34972,0
25814,14228,0
14871,13909,0
28709,61124,0
38133,37997,0
26133,54507,0
2593,31591,0
1486,43116,0
19031,52674,0
1314,3882,0
39674,51170,0
44670,13690,0
16765,25680,0
35873,37018,0
16880,2836,0
21239,36397,0
40607,28191,0
18590,9060,0
48839,21986,0
16424,23946,0
38909,37161,0
54302,36525,0
53393,23357,0
46004,53618,0
14293,66549,0
31837,6597,0
25284,41716,0
9226,35493,1
45830,24076,0
54657,48070,0
1696,6974,0
50450,35595,1
773,33767,0
9093,2657,0
50535,65551,0
26435,12271,0
26524,6424,0
16897,13759,0
7683,50687,0
35878,35943,0
24140,1312,0
31917,35226,0
4251,45447,0
18359,42221,0
55045,6586,0
842,36662,0
19013,25654,0
45856,59201,0
51900,13486,0
35951,11760,0
12544,62282,0
39375,41309,0
51131,58958,0
36418,4141,0
31484,62986,0
9758,32332,0
1090,6000,0
51345,60359,0
48499,58564,0
38146,4819,0
19303,13620,0
18341,67641,1
29358,33840,0
48683,19936,1
23818,20113,0
52802,20133,0
43155,47560,0
1169,46345,0
11762,54067,0
47046,61591,0
28352,51382,0
1483,27104,0
12915,37457,0
3248,43691,0
51669,60358,0
7414,25818,0
34399,33164,0
33157,29882,0
36851,69498,0
42984,4000,0
48786,13907,0
31370,31117,0
18647,16514,0
55922,41554,0
20464,20355,0
21382,38081,0
46838,15147,1
7844,62340,0
31567,21278,0
9506,13049,0
17150,11557,0
14865,9473,0
24936,50240,0
30738,49500,0
29229,40491,0
23298,61804,1
253,4972,0
1736,9632,0
38704,13673,0
3288,56275,0
13236,68974,0
47616,9997,0
4573,7514,0
14467,56447,0
1003,5438,0
44271,34382,0
4883,40599,0
53520,14758,0
54756,62028,0
21476,3811,0
20489,27644,0
9902,59704,0
35378,68165,0
43445,69101,0
46898,18671,0
47780,31515,0
18415,46602,0
12229,68731,0
20749,36701,0
31572,36056,0
24113,66809,0
54853,47576,1
10540,30410,0
43425,26591,0
31524,21913,0
39845,47465,0
5055,2941,0
44728,15310,1
55853,47649,0
24167,56258,0
25863,26869,0
55151,3776,0
28729,13783,0
48525,6247,1
23738,7312,0
40684,66927,0
35093,21221,0
21632,15145,0
42654,23188,0
43268,19636,0
32789,35105,0
18376,66651,0
25771,53627,0
3767,25589,0
30838,11456,0
23357,67093,0
41303,1180,0
42993,56193,0
25244,48731,0
34519,59775,0
42209,11316,0
9685,54179,0
12687,58019,0
47021,9216,0
9798,2532,1
12349,27994,0
52187,494,1
30395,50242,0
21995,53232,0
23056,61668,0
10520,23075,1
8451,1114,0
9126,58204,0
35605,29331,0
20458,5162,0
26735,33491,0
2191,59223,0
24653,52165,0
21147,29555,0
23713,31660,1
2101,55099,0
47482,26512,0
19114,34117,0
34429,59842,0
31829,53381,0
21351,14974,0
39955,58130,0
34995,28855,0
34037,25591,0
39021,33668,0
23872,10960,0
48858,47623,0
41582,45372,0
31557,32492,0
30325,28301,0
36720,49625,0
25151,16321,0
55395,39120,0
11373,35544,0
20168,58385,0
34887,65794,0
33180,58540,0
5739,25930,0
29650,46853,0
19709,15154,0
41083,69451,0
26405,23736,0
10881,51185,0
21897,58537,0
16935,14690,0
29679,48256,0
43766,65949,0
12913,13337,0
1603,31964,0
42179,27872,0
52903,29619,0
52758,29126,0
18219,10373,0
32984,53332,0
23228,19509,1
45880,40297,0
47256,64685,1
12007,55150,0
55055,5526,1
38224,42199,0
8400,7229,0
50605,19477,0
53495,58340,0
40707,51433,0
4679,43591,0
53141,52136,0
42575,67379,0
34190,36966,0
33808,1360,0
39163,51163,0
8919,42899,0
18842,3463,0
21373,22017,0
19366,35825,0
53528,32070,0
6646,25307,0
39025,22701,0
49270,23164,0
4248,3973,1
37721,9349,0
19730,38089,1
42835,35225,0
36974,36915,0
41854,55390,1
34480,28387,0
11496,40525,1
4579,30871,0
40654,38076,1
37301,63076,0
21020,14672,0
15286,16466,0
37727,60912,0
40813,11560,1
47489,39043,0
37969,7778,1
36566,22895,0
55681,5224,0
51265,49302,0
49703,59509,0
11751,25993,0
54184,44835,1
51248,37704,0
55664,60426,0
12668,25215,1
12181,29971,0
46899,46293,0
31506,67086,0
37911,61457,1
50883,62790,1
29266,1262,0
31867,63406,0
47428,40289,0
25770,51069,0
26696,28054,0
34794,32027,1
54202,16293,0
38823,16211,1
50356,19245,1
37142,17787,0
13958,6337,1
45978,7146,0
44521,64972,0
6788,24075,0
32770,35443,0
25018,8634,0
1670,68298,0
43497,51618,1
80,12087,1
37021,10985,1
31382,43015,0
42978,62554,0
43905,26848,0
11619,44147,1
14448,69218,0
52911,21797,0
41400,68317,0
45841,41377,0
34216,16706,0
26430,66377,0
2360,36360,0
3131,63975,0
46124,33012,0
50116,48965,0
25889,6258,0
1165,64762,0
10013,53818,0
5134,68001,0
54274,9658,0
21439,23404,0
37224,41341,0
36391,30622,0
8454,59617,0
55253,44054,0
28240,45917,0
15484,21111,0
13657,65464,0
22328,37844,0
43775,52523,0
11911,6969,0
38858,24018,0
17532,63417,0
29804,26992,0
22445,59294,1
4724,48129,0
19497,4266,0
33102,53220,0
10742,41198,0
24539,59141,0
681,6984,0
44801,17530,0
1484,66610,0
47318,14677,0
48764,20490,0
18903,13447,0
41338,67473,0
3214,59402,0
18129,47014,1
42858,1652,0
40829,27867,0
7277,7436,1
34125,13322,0
18218,58834,0
29952,44166,0
42991,42855,0
38364,24492,0
34913,59914,0
51045,66751,0
32297,37875,0
7686,58723,0
54403,35396,0
23011,23346,0
49290,49566,0
14304,59551,0
42331,40557,0
9146,25476,0
17841,57363,0
28989,29892,0
54398,62031,0
7524,62670,0
51175,50964,0
53067,14614,0
35452,16166,0
18178,18444,0
6793,8324,0
3154,15716,0
41705,37762,1
50111,67765,0
48150,37817,0
898,48077,0
42769,27746,0
13519,5664,0
32722,44815,0
14273,31576,0
16612,48792,0
51524,28618,0
3758,15511,0
46382,55257,0
44961,48401,0
9767,63013,0
2072,1697,0
36377,67395,0
18696,17564,0
33707,31611,0
9234,61888,0
26326,64505,0
35126,50320,0
40837,1073,0
49387,109,0
12949,34759,0
52797,3373,0
8350,54701,0
50626,12307,0
38127,30777,0
55635,39383,0
2757,51112,0
37440,8257,1
8736,27524,0
30931,56281,0
20768,42622,1
8021,21331,0
21210,57411,0
24694,10167,0
38570,69492,1
19209,2596,0
36449,44877,0
12958,33176,0
46436,61236,0
32302,15594,0
3003,16076,0
17491,5207,0
8875,21871,0
52604,34166,0
24582,17879,0
28359,66305,0
37248,48030,0
20268,51152,0
19499,35135,0
44657,41268,0
28089,49635,0
36374,62564,0
23945,56517,0
41202,16667,0
51622,67014,0
49941,43449,0
49870,39493,0
49551,42753,0
46981,60734,0
5205,6339,0
39731,47672,0
13446,53869,0
9186,28528,0
24287,31647,0
36072,38570,0
11484,5617,0
32678,27232,0
7002,66284,0
8607,7522,0
40163,6533,0
22715,59418,0
31620,24324,0
39299,47544,0
27462,40252,0
37844,11740,0
45059,61294,0
11904,5663,0
13501,54039,0
31326,1422,0
926,17299,0
1194,34079,0
23249,24620,0
32266,3353,0
43636,8894,0
29719,30560,1
46193,51429,1
41156,25246,0
47067,27598,0
8713,33370,0
28938,16633,0
30432,10119,0
20124,63390,1
20831,27618,0
33059,12801,0
15845,32802,0
8741,813,0
12179,64078,0
13941,8502,0
20844,68761,0
3222,6292,0
40327,39972,0
4097,12481,0
25590,24199,0
22877,67286,0
12428,30149,1
21477,39116,0
15509,46953,0
10853,49670,0
12725,26617,0
19016,48012,0
4985,30251,0
49329,50711,0
22810,163,0
52757,26137,0
29994,39069,0
8241,57118,0
32550,12714,0
5537,39916,0
37406,40668,0
27683,42413,0
27098,32833,1
45224,28229,0
36522,36232,0
2777,62208,0
55504,22016,0
25562,60915,0
6631,69618,0
51354,15126,0
28042,69707,1
16100,41271,0
49890,23143,0
24106,36335,1
42293,43816,0
54881,3770,0
36209,40247,0
46916,3707,0
44794,49806,0
44711,15273,0
25044,23113,0
18555,5289,0
41228,37800,0
23127,2237,0
45322,60229,0
32941,64159,0
45944,34247,0
6939,53339,0
15500,16306,0
24965,54001,1
48375,40172,0
21794,23789,0
38681,32916,0
50153,26684,0
48138,28545,1
50742,3093,0
46246,16664,0
37835,28929,0
17161,24762,1
3882,38389,0
21954,11668,1
4939,16391,0
6656,7563,0
40416,19406,0
32206,28854,0
30721,66596,0
4788,1684,0
21232,11385,0
53756,65059,0
7134,51899,0
45542,62228,0
11307,63085,0
49899,31400,0
6181,17276,0
52159,9065,0
12957,67756,0
55283,36031,0
47370,24116,1
30052,21794,0
2899,3044,0
34347,61942,0
47860,25635,0
32096,30153,0
55929,51204,0
20029,62133,0
34989,33673,0
53544,10021,0
39555,17810,0
12154,6620,0
930,63221,0
12761,3834,0
27538,1410,0
43796,16090,0
34139,36380,0
13745,40626,0
53027,9938,0
4168,27089,0
45566,63757,0
20406,16742,0
47808,61924,0
44551,35672,0
10172,45121,1
20996,65843,0
50916,10121,0
48560,42859,0
2616,8250,0
1812,55460,1
44303,20239,0
23909,46245,0
46417,26029,1
24314,28425,0
25007,63737,0
47890,36414,0
47062,13778,0
6468,44865,0
9720,51746,0
48798,34701,0
49239,28960,0
25246,35421,0
373,4897,0
543,7334,0
4347,37894,0
37232,44226,0
43693,46036,0
29226,32539,0
42817,10150,0
37974,27846,0
29169,38112,1
17208,54236,0
33622,12491,0
5073,13419,0
31683,3406,0
216,10772,0
49150,41548,1
45572,13479,0
3025,37408,0
53177,20997,0
268,67409,1
18063,69347,0
6075,60976,0
17979,5144,0
34400,45903,0
39883,12591,0
28908,24336,0
736,13712,0
14384,62710,1
8510,22543,0
43581,2439,0
53093,18139,1
33098,69187,1
51083,23544,1
11591,42691,0
44855,69815,0
35914,42653,0
53265,57039,0
52642,40007,0
10311,50163,0
45057,62626,1
39818,47740,1
27088,26535,0
36705,23234,0
54010,33878,0
50761,42324,0
31397,69384,1
55930,46492,0
34011,14154,0
14575,14054,1
5275,27011,0
5152,26311,0
26350,5070,0
14302,51885,0
55405,39084,0
25386,36570,0
37988,49460,0
6128,60176,0
36794,45175,0
38013,50033,0
46244,1391,0
1811,1826,0
22971,41426,0
41386,58752,0
3279,57386,1
9298,5655,0
42556,785,1
53272,62613,1
7100,31278,0
6366,16512,0
41359,57153,0
15176,43266,0
2592,42438,0
7568,45016,0
482,45602,0
20198,55939,0
41840,29287,0
24439,65359,0
5803,65006,0
7251,4075,0
32712,25624,1
25340,67155,0
34577,19090,1
26729,36388,0
46502,47359,0
11398,38265,0
43804,46680,0
53794,49694,0
15910,67060,0
7024,30444,0
51843,22369,1
225,35428,0
23865,24687,0
31039,50590,0
16688,1842,0
51055,21044,0
664,63405,0
30260,32874,0
49235,23715,0
4021,2353,1
38390,47184,0
43688,29128,0
14337,18523,0
24716,11544,0
32061,18782,0
32385,61900,0
54446,29038,0
5369,69950,1
23314,17689,0
24294,33004,0
18434,64197,0
31727,1891,0
29201,33645,0
42257,33141,0
41703,23533,0
8468,50445,0
13131,65684,0
9024,51420,1
8375,39415,0
39427,25131,0
13278,15465,0
17486,6657,1
429,64094,0
42227,58831,0
12520,42740,0
32702,59087,0
11300,56465,0
45347,20742,0
55898,13080,0
40248,30320,0
35714,7748,0
381,38503,0
4348,52911,0
30199,48722,0
35586,2419,0
6311,64077,0
43891,49104,0
25786,62096,0
50105,61539,0
34561,25647,0
28009,34228,0
11076,40518,0
48082,43901,1
21489,25459,0
55406,55291,0
9877,43603,0
27755,41131,0
42421,35365,0
52766,16333,1
22786,43370,0
3120,31150,1
49086,2825,0
22071,57749,1
4162,54143,0
9634,69664,0
37397,56098,1
38838,58978,0
32397,5845,0
25200,23334,0
45547,50453,0
22707,18064,0
24249,20515,0
15506,10801,0
30278,68545,0
42640,40030,0
46895,25379,0
6994,63385,0
6669,61426,0
20082,22590,0
20902,37492,0
8676,44671,0
32377,39266,0
48736,54084,1
35379,30178,0
4859,34213,0
1639,8480,0
17897,44735,0
36433,17922,0
25716,9254,0
45822,46507,0
28136,61753,0
26837,41511,0
8528,61715,0
22531,44621,0
52221,8366,0
7920,29313,0
40753,1477,0
8768,42940,0
18159,67489,1
16731,18421,0
5936,19569,0
19486,58519,0
9366,5563,0
21617,59921,0
30212,48954,0
37337,10093,0
12160,23341,0
42427,21470,0
29995,53765,0
50604,32642,0
50253,44437,0
31515,57705,0
6166,29519,0
38426,68889,0
40203,52500,0
30548,68878,0
5086,36841,0
410,25568,0
11744,1291,1
8089,3508,0
19105,29862,0
812,12677,0
51145,54943,0
15104,5003,0
44625,63825,0
24046,16558,1
24759,35315,0
48650,16598,0
6650,6827,0
43508,31469,1
39920,29827,1
16750,41022,0
24053,49467,0
7836,69450,0
13378,355,0
11940,34798,0
20993,9925,0
5125,50111,1
38064,5430,0
14233,21538,0
430,18459,0
28881,15560,0
30735,2040,0
23125,43429,0
13371,60015,0
43749,47067,0
33791,6522,0
54892,14002,0
46080,39400,0
11910,37101,0
13813,64765,0
5921,20951,1
4252,43834,0
20723,47683,0
44285,1234,0
46096,45590,0
43153,38619,0
17134,14213,0
6778,22666,0
47422,11708,0
2324,15004,0
16062,60193,1
22261,5367,1
47831,9213,0
19939,40255,0
36064,14300,0
12257,7440,0
10098,53730,0
585,19983,0
896,24924,0
28712,17506,0
18386,64753,0
15774,7601,0
29211,10368,0
37163,64906,0
3593,62500,0
30438,43961,0
13295,42398,0
39730,28660,0
49543,65665,0
37654,49711,0
31475,48975,0
39275,1693,0
34569,52107,0
53946,44859,0
17086,52449,0
11852,43445,0
12217,40523,0
47329,6053,0
16948,48137,0
55201,5119,1
24637,5064,0
14398,58904,0
11980,59926,0
44951,50794,1
26389,53175,0
37452,29550,0
18862,39973,0
38587,45277,0
19020,59525,0
31271,42650,1
43473,21699,0
38425,15143,0
53340,16414,0
31125,62633,0
39944,52642,0
7220,21841,0
15239,19080,0
44842,47197,0
50553,44378,0
18364,34114,0
18153,57714,0
43468,57455,0
44134,49742,0
29678,36773,0
24926,59601,0
9606,14361,0
26600,26116,0
37843,43183,0
34697,34820,0
5929,59403,1
45304,27220,0
27950,28720,0
55857,36805,0
24166,4143,0
52460,33306,0
21335,6508,0
38776,34534,0
14430,22206,0
48378,9619,0
46194,21646,0
29800,14759,0
20351,9755,0
40220,64172,0
27972,51726,0
43207,49871,0
41116,53454,0
49622,54510,0
28031,45414,0
29820,60879,0
47261,51927,0
38568,5915,1
10206,12395,0
44270,35661,0
39195,33648,0
55625,49793,0
34623,59377,0
16330,6545,0
24493,32633,0
53811,27596,0
22685,31473,0
7267,37184,0
42275,54513,0
4377,9397,0
1507,32288,0
39053,55964,0
54313,67167,0
11018,67435,0
31319,6286,0
24145,66744,0
49995,51997,0
47606,27054,0
41299,58373,0
22637,31771,0
9744,638,0
55637,6452,0
34345,19657,0
46434,28639,0
16073,60633,0
6491,7101,0
18010,34343,0
39863,25009,0
5711,4856,0
42398,14321,1
49547,35636,0
5970,13050,0
4948,29517,0
37027,60361,0
1731,22773,0
20737,43639,0
36760,31700,0
31391,61958,0
28839,31969,0
49564,34929,0
45914,48056,0
45663,9794,0
28075,12914,0
3585,13165,0
8825,23962,0
43980,63506,0
47604,9170,0
44091,14381,0
10986,9887,0
25781,27827,1
29575,3095,0
45773,37175,0
45633,393,0
12750,2933,0
49476,16113,0
45544,33243,0
6434,3360,0
40151,67885,0
32929,7907,0
45658,58600,0
1319,23532,0
44436,46400,0
55928,50883,1
18988,45445,0
29967,48483,0
23728,44304,0
45047,38131,0
43644,18767,0
54436,5960,0
53315,60828,0
47665,19485,0
3661,56207,0
3645,66105,0
54878,57929,0
21717,29450,0
36472,18825,0
31117,27774,0
1175,23466,1
35182,6705,0
28929,11081,0
21850,27802,0
51840,12902,0
32110,45259,0
35538,5666,0
52056,59143,0
37262,49538,0
5563,5018,0
24701,60013,0
32331,22610,0
3180,63557,0
35961,22263,0
25684,65638,0
50312,35516,0
2960,20945,0
42389,18059,0
51298,45954,0
52827,58689,0
45336,37203,0
7284,604,0
51741,25324,0
54111,18688,0
41019,51937,0
50615,55479,0
16869,20406,0
47817,15013,0
11625,1056,0
22148,9564,0
25996,57954,0
28641,4866,1
15621,56090,0
5831,52598,0
20691,37583,0
38128,47121,0
22124,62713,0
54637,68788,0
44086,24124,0
5159,16478,0
4729,16280,0
36236,60914,0
38609,55457,0
26787,55069,0
176,37761,0
26157,58728,0
48731,48164,0
53507,43454,0
21298,26095,0
9468,2477,1
14005,59871,0
26621,56986,0
53214,47263,0
53552,9319,1
52457,58859,0
51328,55504,0
52963,20453,0
40952,19785,1
10951,39950,1
30455,59504,0
47900,59447,0
5732,34824,0
19770,56691,0
22633,66840,0
36222,57852,0
45643,6278,0
40,61135,0
53305,20498,0
37143,30928,0
38385,51879,0
49611,65204,0
17418,42419,0
43062,11016,0
30007,68513,0
35329,20863,1
44281,27583,0
40026,43909,0
26333,26265,1
50374,26333,0
29724,64529,0
42961,55837,0
15572,52032,0
22610,24646,0
40272,17588,0
27113,68265,0
51671,62268,0
12065,42496,0
16264,45921,0
51498,66174,0
49369,42926,0
2761,67039,0
19412,37031,0
8565,67935,0
26317,17894,0
48009,28695,0
199,47468,0
7876,5204,0
32900,6594,0
5657,24101,0
22957,5050,0
55682,67853,0
50890,7013,1
17117,27677,0
53096,24661,0
32415,40597,0
13729,58304,0
42136,54907,0
55700,6111,0
9317,46978,0
24980,48924,0
36272,12426,0
38764,15314,0
37210,4682,0
53846,9172,0
22279,20946,0
36810,64924,0
4969,12102,1
54982,63303,0
780,5210,0
9951,61047,0
39149,6833,0
28313,63656,0
35845,45562,0
20210,2282,0
42453,54785,0
16648,37291,0
40552,43433,0
17351,38206,0
30084,24855,0
24947,52228,0
51414,46392,0
6415,5093,0
54163,63911,0
30942,44755,0
2095,25013,1
9937,32378,0
28113,53749,0
28784,28489,0
52405,50655,0
7064,36967,0
14395,64002,1
6990,35909,0
41231,29411,0
3653,66485,0
36557,39454,0
29691,59798,0
7161,45749,0
33419,5536,0
12422,3901,0
1975,34001,0
23520,31195,0
10675,29273,0
50697,49706,1
38996,53679,0
34365,34982,0
41710,8637,0
29291,19916,0
1164,65452,0
51084,20482,0
38393,54257,0
52328,46189,0
14326,17376,0
55942,19984,0
54213,61467,0
6232,1470,0
1180,33090,0
7451,36650,0
35565,21852,0
51228,60821,0
15610,56014,0
14712,16147,0
7499,18427,0
11504,17245,0
28568,3679,1
16366,65854,0
21190,57716,1
20160,36529,1
49644,1361,0
9911,31605,1
13321,22198,0
34086,57100,0
45785,58776,0
15207,26317,0
4128,39379,0
53253,20103,0
23370,15694,0
42551,18002,0
17567,23091,0
23272,19558,0
11993,1309,1
20586,10525,0
14401,10548,0
53584,54224,0
34150,33713,0
13497,61421,0
17736,18113,0
39682,39733,0
26942,45329,0
28821,58691,0
45440,32964,0
1118,15787,0
38118,35387,0
52189,34380,0
48264,20044,0
47237,25216,0
51583,16252,0
20048,60381,0
30983,1787,0
28005,3536,0
23947,69336,0
24157,16943,0
36033,20077,0
31052,19918,0
36749,2757,0
35633,6891,1
34211,59034,0
33331,29374,0
39716,31623,0
52196,17631,0
2476,4893,1
3173,53715,0
25644,45627,0
52001,58930,0
40905,34082,0
9459,35087,1
55081,76,1
18480,54281,0
40550,47229,0
2746,36533,0
16495,16042,0
385,52727,0
30335,29229,0
25607,27662,0
52690,44386,1
18618,23999,0
23015,12218,0
8836,46034,0
19393,17866,1
55456,40511,0
46360,24781,0
8755,27559,1
27283,67989,0
52679,45120,0
27214,45687,0
36785,48682,0
23045,13182,0
45812,59250,0
2235,56068,0
34680,54095,0
19067,4377,0
49466,38888,0
51604,61366,0
13876,34937,0
19018,51482,0
27244,7928,0
13619,1041,0
17717,54202,0
2807,41137,0
55665,68158,1
28023,10485,0
29268,48103,0
27004,11577,0
16823,13522,0
49936,13823,0
26125,55229,0
21595,27367,0
34659,24629,0
24825,39342,0
37928,40160,0
52381,14049,0
30190,13201,0
36360,68477,0
51207,4772,0
35838,7976,0
42336,32298,0
53063,8404,0
35749,40335,0
9061,67247,0
30923,21537,1
43388,37270,0
3780,16033,0
55806,43621,0
30038,57219,0
28630,19995,0
30731,65333,0
9728,32114,0
48936,3825,1
43234,61251,0
35716,16572,0
2758,11037,0
42999,63062,0
25441,66695,1
31121,30118,0
12285,33902,0
23692,3182,0
49284,59991,1
36098,31789,0
15019,27669,0
31051,348,0
50473,46659,1
20822,1046,0
49998,15272,0
46552,23882,0
17552,35157,0
4060,37677,0
45388,55470,1
3393,23354,0
49594,12056,0
36070,49093,0
26977,45344,0
5011,3591,0
33306,27521,0
7978,38549,0
35741,41619,0
19980,69063,0
45020,22839,0
2463,48494,0
39584,24301,0
22750,19026,0
29262,1528,0
49503,39658,0
42091,68050,1
18821,46692,0
41484,58581,0
4,69476,0
42975,34136,0
7801,63748,0
48679,16307,0
29338,38308,0
35382,22189,0
13373,38806,0
14881,69631,0
21879,46785,0
38946,27427,0
47364,58988,0
5491,3401,0
27179,57965,1
40359,43241,0
40568,28332,0
50099,54629,0
38743,27377,0
48999,13767,0
21674,56543,0
14129,56153,0
28284,31328,0
17521,47559,0
2668,47596,1
37932,67199,1
17417,38777,0
52869,11072,0
4850,56043,0
25424,26367,0
32114,62509,0
28811,26126,0
33094,63804,0
48810,64467,0
15681,62744,1
35644,52762,0
36026,12610,0
7456,28692,0
13069,43672,0
35770,25872,0
17895,29024,0
16355,66734,0
40704,48244,0
55882,20262,1
33820,24395,0
53389,21088,0
41237,56316,0
36897,3673,0
32223,10561,0
9462,50517,0
15557,66106,0
46563,61559,0
45549,60885,0
44391,468,0
46594,6110,0
3899,6023,0
29712,28833,0
43293,6032,0
41211,34348,1
36847,42156,0
34895,52724,0
4028,46115,0
46935,36434,0
26778,15978,0
31411,11571,0
38927,24678,0
30578,11178,0
6896,42363,0
54680,35667,0
29572,20899,0
31519,12803,0
51252,43190,0
53720,66821,0
49510,60544,0
13504,19855,0
35211,62715,0
25894,58912,0
22697,19888,0
26453,36989,0
25205,55912,0
38175,58011,0
23811,1097,0
46811,53252,1
24339,16528,0
16641,63262,0
49835,36632,0
32159,2973,0
35915,60222,0
19538,36557,0
39166,28696,0
8423,30016,0
54818,30733,0
30064,69435,0
53009,58366,0
14160,65507,0
19469,56824,0
1174,4667,0
48970,9447,1
31855,24242,0
13577,62055,0
37987,26206,0
23748,61812,0
20427,60433,0
42251,69601,1
26089,57388,0
23534,55131,0
47743,32805,0
45014,11409,0
49164,65694,0
43829,52706,0
24247,57276,0
40540,69872,0
21135,33376,0
30089,27276,0
34236,43504,0
55024,41345,0
48230,9739,0
36585,65139,0
49250,31448,0
30032,54320,0
26702,1757,0
37948,41273,0
16726,62245,0
35047,36629,0
46300,16189,0
52089,62846,0
33395,63401,0
6573,15153,1
40303,46716,0
11578,60606,1
182,48701,0
37015,7871,0
2097,19993,0
9149,64998,0
30854,65813,1
19253,22332,0
49804,51653,1
3467,50399,0
28868,4440,0
6648,29464,0
28866,48104,0
3788,20925,1
20021,54879,1
508,68145,0
33191,64140,0
45919,36156,0
17012,1770,0
44454,10734,0
40885,45327,0
6230,51300,0
22199,8199,0
34979,2145,0
32529,58783,0
21327,16681,0
35116,31484,0
24790,59737,0
36121,17036,0
14009,67104,0
10430,66340,0
27722,56977,0
18532,22121,0
40979,53198,0
19927,48091,0
10132,57532,0
51144,37535,1
27656,19095,1
46297,54592,0
18810,63966,0
52748,28059,0
40408,36511,0
55292,62845,0
34637,38122,0
52764,63675,0
47999,45474,0
49120,28224,0
33851,14945,0
14486,19727,0
13433,14468,1
24342,19444,0
12678,52200,0
20571,52486,0
10153,667,0
35385,18630,0
50274,63363,0
21531,18088,0
8428,40784,0
49541,30941,0
35164,25347,0
25549,44327,0
41026,37135,0
19409,60783,0
54188,32213,0
14500,17986,0
7743,27365,0
17271,34599,0
52581,67337,0
20146,7115,0
33279,1005,0
37765,44559,0
19244,3006,0
18566,51490,0
48140,52204,0
10999,61848,0
36308,69722,0
32295,9205,1
332,49753,0
5476,59071,0
2349,1051,0
52437,36768,0
52932,64874,0
53153,12943,0
50152,68054,0
274,64896,0
11807,20089,0
48549,40326,0
11893,30862,0
53742,14906,1
48145,30858,0
18442,23421,0
38086,63153,0
45877,58715,0
16701,52641,0
25941,23876,0
5228,4770,0
17664,66710,0
27282,69583,0
34391,36462,0
52020,64677,0
1317,19645,0
12838,12981,0
32931,17419,0
21816,13644,0
24023,32734,0
25577,5848,0
42826,29833,0
21229,46141,0
3829,59916,0
906,68559,0
35855,50497,0
51515,3509,0
19474,48840,0
3375,51288,0
44160,69041,0
25311,31641,0
14845,50653,0
9645,52868,0
36348,21758,0
7143,36086,0
14529,20488,1
32663,837,0
25131,25749,0
51790,23728,1
5333,43598,0
46159,25161,0
18187,48656,0
36977,21095,1
31729,13601,0
2672,32231,0
41579,50308,0
34858,10757,0
29232,51814,0
32856,60876,0
41739,33487,0
8394,58345,0
16981,54056,1
38404,2044,0
8546,53249,0
50178,17440,0
41385,20376,0
4810,39012,0
42763,67511,0
43963,57595,0
46689,32775,0
44599,32955,0
13103,64313,0
36311,65661,0
2549,19762,0
3524,27341,0
41040,29073,0
50832,62942,1
14180,9028,0
47859,28312,0
17593,683,1
53925,58464,0
16657,29520,0
25430,6443,0
21726,14528,0
37543,67179,1
114,43520,0
9451,7754,0
55519,19010,0
20120,14467,0
45828,11985,0
54778,7612,0
5394,56652,0
39995,61690,0
13858,47394,1
5211,20540,0
1710,19631,0
33028,428,0
6502,15110,0
29940,63579,0
6974,33385,0
43080,35804,0
38188,68576,0
54679,69565,0
33358,45415,1
6987,66931,0
48666,39448,0
26223,53020,0
40380,26008,0
55688,60441,0
42211,104,0
11451,61343,0
14427,45092,0
6916,34742,0
45289,21353,0
21055,45375,0
13591,23699,0
6692,65623,0
10946,13229,1
1793,32115,0
15458,55377,1
14632,7322,1
51987,51904,1
13856,65687,1
8372,47153,0
54789,26833,0
35708,40087,0
10538,45908,0
1498,62403,0
5428,44387,0
39171,18942,0
42378,14424,0
50198,21413,0
40742,35511,0
10821,33016,0
11065,5803,0
26877,11913,0
34705,11887,0
6904,15070,0
47300,47764,0
42076,39935,0
40212,32978,0
50195,39525,0
52151,9266,1
466,38447,0
43478,28050,0
26662,30387,0
51752,34037,0
42859,1619,0
43595,53631,0
18736,52195,0
46541,42879,0
12847,7599,0
54732,33830,1
47097,12293,0
47706,2153,0
20757,18844,0
28501,7843,0
53600,36339,0
18809,45807,0
18067,36839,1
48171,23386,1
1053,48692,0
47012,55030,0
17890,67616,0
949,5032,0
35769,68094,0
6809,55549,0
21041,22945,0
55119,65812,0
18197,32896,0
1590,44705,0
14737,59962,0
20735,48912,0
29071,51855,0
25953,11845,0
28686,6928,1
6736,52557,0
32012,20036,0
51441,68414,0
47521,5324,0
28889,64574,1
10904,19112,0
20516,38765,0
10958,33760,1
5572,57657,0
20730,20450,0
25584,66704,0
8639,56407,0
18726,48225,1
14103,60946,0
31504,21563,0
29707,24525,0
6919,1577,0
34392,12427,0
7063,39025,0
53348,51544,0
24097,10745,0
9588,35464,0
48389,24576,0
25576,61192,0
44335,22660,0
29509,46556,0
38835,62214,1
11546,23526,0
2780,7418,0
33546,45295,1
6860,45840,0
52786,41098,0
2980,63611,0
5522,61351,0
11272,64579,0
12724,17268,0
13964,53985,0
6933,42957,0
11968,28942,0
44812,37082,0
1124,36291,0
33255,46566,0
45275,10925,0
49712,65698,0
47398,16702,0
35874,22772,0
25754,5815,1
15387,17286,0
50803,7202,0
55574,47427,0
18718,30298,0
42407,15843,0
36251,38312,0
26542,2901,0
11900,3168,0
42830,32447,0
26063,15686,0
27984,34308,0
24793,11823,0
44539,32046,0
55217,52648,0
55199,47088,0
11648,10263,0
8270,26996,0
35619,28903,0
50969,55785,0
50933,58344,0
41934,64563,0
17452,4302,0
33603,35051,0
21937,42806,1
3697,34684,0
5187,61398,0
18427,56526,0
147,52296,1
41651,1165,0
30434,69779,0
21787,35797,0
45748,46614,0
18473,9903,0
32505,13521,1
27292,20956,0
41392,46701,1
50908,33419,1
44979,11892,0
33107,28253,0
31641,19515,0
53541,12761,0
27422,66979,0
51428,57023,0
7950,50310,1
1572,21071,1
30645,43101,0
49261,62739,0
30685,62323,0
14539,42485,0
50076,60244,0
43272,26251,0
15669,63732,0
15551,60130,0
30891,14693,0
19793,58201,0
38375,4345,0
21156,10519,0
1557,11306,0
29776,54129,0
24057,29660,0
15054,17317,1
19653,33479,0
55011,51926,0
5977,18873,0
26268,32205,0
15959,11809,0
35082,8055,0
51425,20054,0
7481,62829,0
35005,35963,0
45144,56731,0
19182,10768,0
39806,46612,0
6484,54442,0
8297,52278,1
20252,66547,0
43519,7691,0
26310,18416,0
41620,11110,0
19765,64271,0
24120,20166,0
33619,62812,0
26590,15290,0
10421,6855,0
53121,58836,0
39438,17128,0
44803,22261,0
14711,61735,1
20450,68147,0
16437,36222,0
24768,43218,0
48545,55456,0
50710,67488,0
53982,35886,0
52492,67277,1
5223,24462,0
25139,42795,0
8034,56551,0
39888,37556,1
5707,27177,0
28787,52054,0
3715,19964,0
23260,58587,1
52851,19207,0
21723,9434,0
54755,62789,0
32218,61159,0
8450,38835,0
22651,97,0
50588,930,1
26831,18943,0
19151,42575,0
10089,7355,0
35748,25196,0
21564,42410,0
42192,52353,0
46469,41432,0
22856,49256,0
34672,57406,1
20532,46657,1
29906,9674,1
40435,15850,0
16840,51588,0
24432,47456,0
46239,11241,0
22514,14718,0
23529,18665,0
46415,69,0
48588,41240,0
42071,43243,1
50295,52012,0
4086,44998,0
34557,30912,0
48168,39709,0
50441,35371,0
52954,24513,0
4669,13259,0
6887,68588,0
33437,6662,0
25096,54419,0
8435,33897,0
35678,33223,0
35261,48803,0
31724,12201,0
36359,66410,0
37056,28227,0
30883,39538,0
12110,66358,0
12059,37516,0
42902,40672,0
29966,19135,0
51066,57988,0
47095,45208,0
23661,17136,0
15505,43201,0
47974,65358,0
13770,54323,0
7180,15960,0
17983,50532,0
30439,58341,0
1900,66146,0
10250,37660,0
50868,4033,0
20513,18519,0
1030,25268,0
2494,41076,0
48923,21332,0
52154,65323,0
20218,5429,1
12353,53021,1
44807,9129,0
27063,21223,0
15000,62171,0
13734,3786,0
55239,33157,0
24444,14225,0
55921,8560,1
13618,10112,0
17571,29297,0
24651,54097,0
30833,22902,1
27986,58707,0
25904,27478,0
12024,31552,1
33199,54434,0
48783,39783,0
48123,62835,0
38159,2041,1
11072,28022,0
48195,30043,0
20117,30987,1
26700,68671,0
29762,33020,0
46611,66552,0
23918,20358,0
16253,47616,0
31697,31782,0
2975,64437,0
29284,62058,0
18716,15393,1
47525,32168,0
31388,23860,0
39478,54161,0
41495,21517,0
50857,1536,0
11702,21011,0
44503,8461,0
14473,26287,0
7027,62142,0
52145,21725,0
24040,1149,0
48887,50720,0
46644,64276,0
40057,57915,0
34507,2488,0
35392,46287,0
1288,47321,0
884,56424,0
19863,26980,0
5517,54127,0
4304,50174,0
1618,17710,0
6556,447,0
28292,69355,0
22594,15869,0
5297,4945,0
28236,15926,0
38366,25542,0
50833,45149,0
31183,69938,0
44150,48817,0
8193,30258,0
51901,52569,0
13398,43132,0
36380,52572,0
37395,45950,0
29428,16614,0
44933,55754,0
26033,65266,0
55606,64482,0
37912,31752,0
5345,69196,0
43638,8019,0
6890,6466,0
50493,12425,0
12447,41724,0
29216,3332,0
33928,45541,0
10678,64779,0
40573,17862,0
17017,12903,0
1227,3540,0
49924,503,1
42709,1950,0
43713,24355,0
17284,23356,0
22915,63474,0
22613,67154,0
46695,25298,0
48154,53393,1
3761,29089,0
5266,56030,0
54596,68486,0
9785,64642,0
14095,39578,0
14014,3200,0
35683,12675,0
49186,31532,0
47839,48329,1
28215,41569,0
51869,36671,1
9977,29415,0
28303,5326,0
49923,55914,1
17403,38189,0
26126,27331,0
25021,66950,0
31167,24507,1
54176,14720,0
47883,5067,0
25258,18379,0
3918,18957,0
8745,64705,0
1536,1215,0
2266,66279,0
10496,14647,1
26175,54771,0
46138,9981,0
15215,51299,0
21822,1565,0
11026,15834,0
1278,69363,0
52544,59940,1
35394,41527,0
44312,22720,0
10125,33959,0
30510,52246,0
12212,16328,0
47293,28026,0
9892,56741,0
11518,62602,0
43600,17639,0
16889,59343,0
4144,60445,0
29417,19980,0
42681,12113,0
37154,11467,0
16796,25151,1
8474,3812,0
1270,20814,0
39706,33065,1
20412,1379,0
20036,62054,0
41336,55744,0
31554,27560,0
6954,21318,1
44920,53983,0
42768,51992,0
37353,18987,0
3426,15159,0
44930,27532,0
41578,18935,0
54047,30,0
21987,38983,0
672,62007,0
4035,57256,0
18326,5054,0
38836,6029,1
54006,22477,0
50866,29462,0
26820,38525,0
55052,14295,1
7040,66189,0
14492,38897,0
7327,61643,0
6288,31855,0
21862,59298,0
16063,52816,0
38733,34849,0
16379,32469,0
55485,21796,0
11153,66148,0
40590,32720,0
38208,63995,0
25423,31343,0
10575,19718,0
20327,46206,0
17746,25876,0
2858,43021,1
14521,3721,0
53751,41494,0
27595,20078,0
27872,50250,0
13712,68553,0
26688,16176,0
22826,42637,0
46960,2998,0
8194,30433,0
16481,58321,1
15541,35870,0
50039,836,0
8854,59731,0
47508,12985,0
15192,19990,0
7427,13275,0
52392,36956,0
47308,54658,1
55013,62994,0
19574,58798,0
4091,30193,0
24116,14907,0
48298,14313,1
33667,53563,0
49574,49684,0
51625,40605,0
52525,32623,0
18686,12176,1
3803,23133,1
35296,17693,0
28882,59560,0
54359,46140,0
33789,39421,0
41877,61154,0
43446,48445,0
18597,8403,0
9931,13781,0
4639,28045,0
11337,5106,0
27093,67306,0
6247,66890,0
24477,57882,0
44779,6715,0
22141,19900,0
6515,64665,0
32845,18260,1
13748,60394,0
39061,28089,0
49762,29488,0
47184,58825,0
29053,16164,0
53853,7924,0
9354,47386,0
14222,889,0
32350,60303,0
39495,62257,0
34431,53061,0
54204,46479,0
35906,53743,0
45844,14416,1
5920,33231,0
53176,17329,0
13129,16541,0
18398,35139,0
14606,39957,0
9100,46046,0
45674,12939,0
821,45478,0
892,47287,0
35515,63724,1
27727,37067,0
18265,15718,0
19002,24610,0
6839,4787,0
42490,19961,0
54086,51379,0
27110,19988,0
24708,145,1
3037,14915,0
35986,46382,0
20477,20093,0
34760,60748,0
35226,54371,0
2729,45435,1
54205,909,0
1563,63364,0
16295,8760,0
20907,61061,0
24377,5355,0
17496,69665,0
52989,23955,0
55770,64553,1
20418,16715,0
1326,53838,0
39921,46739,0
36822,43560,0
31827,36814,0
42007,58711,0
12147,26705,0
31057,61261,0
51261,50860,0
23540,5610,0
14933,32781,0
33961,24353,1
4614,53995,0
43928,62158,1
39544,38492,0
5114,33749,0
15897,15662,0
28224,43565,0
2408,34383,0
37092,47460,0
22549,66021,0
53560,34089,0
44630,53625,0
20867,38110,0
4503,33826,0
13720,69840,0
11943,32849,0
26239,49823,0
23305,49594,0
13542,46934,0
3914,250,1
35466,5575,0
41813,65833,0
49489,13168,1
19489,41355,0
17052,7099,1
31264,48705,0
37798,5826,0
55243,28077,0
27242,38899,1
48317,41602,0
49669,33960,0
23261,51296,0
24664,8306,0
30371,32517,0
30491,46384,0
4265,52719,0
20326,69892,0
6020,44782,0
5169,63562,0
45644,2298,0
41326,14916,0
43567,50201,0
43367,55462,0
14710,48410,0
29112,26495,0
32616,20072,0
38074,13471,0
40508,65448,0
49646,29269,0
30642,6921,0
28160,15479,0
4976,17003,0
50114,36369,0
14128,18609,0
2996,17061,0
33080,44952,0
36567,25703,0
1163,61087,0
8870,58044,0
41062,6206,0
11670,23475,0
54943,57356,0
33914,66936,0
12894,6737,0
17817,43289,0
21789,54525,0
45199,58672,0
31626,17484,0
15922,9237,0
45068,48171,0
16929,32956,0
3270,28349,0
32588,29920,0
23364,64061,0
34530,32143,0
22814,4415,0
21460,33630,0
45361,34667,0
49587,54763,0
41485,65836,0
6293,9070,0
13441,30364,0
2915,25539,1
41747,47873,0
13660,64675,0
50238,45540,0
39869,39878,0
23822,55553,1
10815,69961,0
55727,2365,0
26776,17535,0
12146,56797,1
8045,33988,0
43233,35879,0
21090,55817,0
55859,51838,1
34066,54719,0
31155,38205,0
26511,5484,0
26703,35508,1
45967,39426,0
33951,37558,0
22334,52810,0
42584,17983,0
45621,67678,1
4877,23504,0
24393,44927,0
32858,21256,0
20544,15217,0
4828,36733,0
2135,14780,0
26338,3710,0
29788,5597,0
12435,45666,0
34313,38644,0
51366,2879,0
16904,60151,1
12358,26584,0
40127,39686,0
9403,63753,0
19632,69201,1
21979,11123,0
15507,48516,0
6545,6537,0
46784,29154,0
17031,36786,0
16492,8396,0
50784,40999,0
39193,43293,0
48576,51841,1
8492,62911,0
22599,48013,0
38692,19850,0
55762,28391,0
3737,48361,0
23029,5682,0
17819,33545,0
8530,65609,1
17662,34877,0
34432,43634,0
26481,717,0
52259,45640,0
21697,35643,0
11168,40434,0
3541,58944,0
4890,38266,0
28131,14396,0
8718,49602,0
10407,32547,0
13643,60431,1
52573,25827,0
18379,23997,0
19176,10571,0
41644,28417,1
52439,36054,0
51985,64605,0
53974,37343,0
55509,53821,0
34545,18391,0
23166,18827,0
19079,63910,0
43406,22146,1
23084,32320,0
9526,9078,1
55043,63751,0
7667,17349,0
37796,62723,1
30621,22931,0
3919,42967,0
11789,9162,0
44829,39432,0
11832,46945,0
28487,41929,0
46734,64124,0
55022,4744,0
19270,26800,0
38763,68824,0
15694,29854,0
11638,29513,0
2891,40623,0
35976,39624,0
51237,7130,0
42474,42752,1
17239,45111,0
7652,34086,0
45122,60531,0
17840,12601,0
18924,13526,0
34058,21942,0
1751,35782,0
38786,34975,0
32457,28125,0
27502,15957,0
20273,45519,0
10504,55516,0
16871,68589,0
11209,55569,0
42670,21531,0
22896,43708,1
3245,15448,0
16307,12377,0
32042,54280,0
51665,8032,0
38655,23044,0
33183,16886,0
15539,41490,0
53013,22422,0
45353,66101,0
33049,34549,0
314,18712,0
17922,32579,0
36748,53640,0
3444,62584,0
15618,34604,0
16222,22368,0
13946,8312,0
41205,21708,0
51868,9569,0
879,41016,0
16050,59743,0
5371,1298,0
23410,25791,0
30849,48657,0
5157,25489,0
6537,3945,0
52740,32277,0
20206,15033,0
15124,23121,0
31765,61795,0
45146,60621,1
41639,21849,0
31908,62149,0
34176,5116,0
34308,8304,0
23174,67861,0
54083,53849,0
27389,11535,0
54762,63817,0
5564,21036,0
9960,22584,0
55326,2819,0
42451,44875,0
32144,42385,0
49934,26588,0
19466,44465,0
4506,29022,1
12409,12587,0
34438,25569,1
46454,41317,0
41946,53358,0
50228,22338,0
45286,15038,0
39064,21102,1
28593,53569,0
41047,4005,0
4569,66641,0
12788,7936,0
27443,52593,0
25528,52371,0
39396,45801,0
22130,40168,0
2644,68479,0
46432,15570,0
9447,3485,1
14617,24036,0
33184,68795,0
9313,63510,0
44854,26830,0
55461,61325,0
53076,63465,0
21940,45922,1
16013,51431,0
51717,41378,0
103,14245,0
50838,41108,0
48371,35176,0
51015,62934,0
54084,1437,0
38370,4768,0
19341,9803,0
40468,35826,0
15226,1427,0
37635,45449,1
23000,25078,0
4421,10653,0
4878,53114,0
5847,60733,0
53069,39919,0
42038,41417,0
32547,2583,0
2984,35217,0
44810,32030,0
44253,69721,0
18022,10917,0
7625,34956,1
16768,62688,0
43849,22228,0
37113,33862,0
40938,37285,0
15400,21402,1
48337,28250,0
1574,14953,0
18587,61595,0
24638,1382,0
34449,59165,0
1985,64329,0
32667,69561,0
47750,61001,0
13120,15174,0
32776,4318,0
37833,65540,0
24424,6267,1
45959,53979,0
29977,9566,1
43627,44338,0
9538,49669,0
31302,6295,0
24745,62156,0
51705,34720,0
15537,10377,0
2874,16506,0
15190,51789,0
4759,26806,0
52971,14558,0
10192,16575,1
15296,57699,0
38902,27590,0
47251,22702,0
42214,22837,0
54282,45379,0
3227,8457,1
50000,6484,0
4243,68056,0
19316,43306,0
9804,5121,0
45327,47040,0
13847,42820,0
11042,42687,1
35910,52531,1
3609,69357,0
2679,63278,1
4448,48337,0
22046,32393,0
8441,33874,0
46190,53525,1
30050,1614,0
22988,22468,0
14238,61719,0
33775,38095,0
28329,8620,0
6985,40161,0
3597,27339,0
24433,9890,0
52493,5010,0
46568,45951,0
44095,18642,0
2564,45893,0
26964,43045,0
41479,6627,0
2530,56205,0
45076,62081,0
25529,40141,0
22752,26127,0
43640,42135,0
21461,65516,0
40424,63345,0
21486,69152,0
6328,48871,0
1000,18418,0
7175,2840,1
47576,63957,0
16271,20632,1
32185,27439,0
1406,58866,0
22980,64604,0
7200,16199,0
45577,40978,0
40420,39450,0
18817,7962,0
24261,38526,0
18192,63897,0
23784,61096,0
18310,61700,1
15109,38417,0
38095,30713,0
51573,46704,1
9856,10085,1
27227,9668,0
27957,52831,0
33058,28956,0
48818,7123,0
42516,57395,0
30378,40384,0
49780,61314,1
5222,38451,0
12993,47668,0
7149,19302,0
16570,9484,0
40939,43656,0
39453,15097,0
40700,11370,0
9955,58998,0
44687,18508,0
51713,48753,0
45612,5530,0
20713,68497,0
8537,2618,0
18487,60541,0
3660,12872,0
18603,51289,0
23219,66864,0
5360,8964,0
34200,52210,0
14936,36295,0
15532,22925,0
50051,33993,0
1822,53341,0
12737,31868,0
25560,64881,1
18483,1668,0
12566,3714,0
39956,29063,0
53921,9970,0
53459,16929,0
42480,12885,1
11607,28354,0
45966,12184,1
14169,7463,0
50157,25731,0
8383,66765,0
39295,40844,0
30793,34174,0
30468,64957,0
28553,22673,0
2954,52061,0
13471,1763,1
43866,14938,0
28059,29252,0
31429,60905,0
46945,54927,0
53686,22374,0
32056,36517,0
25304,27579,0
14313,64324,0
44068,68993,1
48742,23892,0
444,24237,0
21755,25018,0
7363,53137,0
48482,33317,0
20370,33075,0
37907,49532,0
43945,20302,1
2432,48278,0
16677,13943,0
26947,41981,0
50206,29855,0
41719,3897,0
23622,9863,1
26151,3469,0
32647,62298,0
26565,16827,0
29264,63667,0
45176,29624,0
11868,39857,0
41611,52247,0
41278,1607,0
44887,11162,1
27787,21783,0
54143,20630,0
42113,31599,0
36460,69444,1
25919,34002,0
30550,35205,0
26376,44157,0
25129,19206,0
8907,41315,0
40393,4934,0
54515,15727,0
16947,1287,0
35778,8985,0
48314,25354,0
37213,62601,0
4384,37348,0
31223,40839,0
13802,21743,0
866,7585,0
6536,33378,0
16320,25826,0
18180,65993,0
17963,53281,0
55899,14317,0
17113,49260,1
34419,4621,0
30095,15242,0
19922,14664,0
38653,5268,0
40106,50288,0
27049,45017,0
48430,60956,1
48158,1882,0
11645,65071,0
6666,31337,0
6705,11075,0
17201,37403,0
31706,47599,0
3649,65469,0
10993,39836,0
45867,16260,1
11872,65224,0
31956,63333,0
904,57161,0
6435,27552,0
20692,23281,0
3030,31288,0
2569,55508,0
37837,46515,0
51491,18071,0
29397,5969,0
335,9693,1
20979,34698,0
55396,14778,0
38421,46633,0
32877,69759,0
10761,5875,0
24915,17221,0
55425,12672,0
18349,49818,0
22654,10258,0
6752,21168,0
49573,27548,0
41554,41566,0
43083,58533,0
20602,21622,0
5843,18355,0
21998,37624,0
30708,32869,0
28348,66066,0
34155,65412,0
29585,5330,0
1276,15827,0
41218,35074,0
10542,37227,0
24901,33255,0
52858,53946,0
49846,16657,0
42297,11927,0
23904,54344,1
13995,3012,1
853,64673,0
34243,50465,0
50117,68427,0
13243,25425,0
36573,9230,0
18264,68366,0
3035,51500,0
15633,8653,0
34221,36184,1
8880,41368,0
55676,52085,0
46000,48267,0
42381,41617,0
35441,14888,0
40767,58395,0
53251,16823,0
14653,19795,0
30658,4053,0
9129,67965,0
51946,27383,0
34379,69764,0
32116,67749,1
20015,60851,0
49670,50586,0
25776,55956,0
18575,69192,0
31435,11745,0
4207,69462,0
37409,29523,0
19025,53007,0
4475,31535,1
19066,43262,0
28296,16910,0
17592,34570,0
40512,11469,0
48866,32724,0
49692,66195,0
11597,13151,0
55315,69810,0
44040,53845,0
35747,68130,0
6742,6814,0
50121,5200,0
26637,68877,0
37950,49745,0
29194,37075,1
17687,68383,0
46395,39680,0
22848,2731,0
54061,26612,0
48585,65215,0
54667,35598,1
36783,32771,0
25850,29917,0
4130,5643,1
26316,66321,0
30812,24748,0
55645,52299,0
10331,17975,0
3016,31215,0
54229,1089,0
8341,40078,0
30703,1035,0
22240,20039,0
12733,12741,1
55382,59961,0
10193,16444,0
50322,883,0
41807,5726,1
22722,3359,0
28280,38984,0
31929,10907,0
26134,441,0
35677,16699,0
47611,63866,0
16187,24652,0
48851,14794,0
46923,1488,0
7272,7856,0
21428,25406,0
44791,19748,0
11499,42605,0
40627,5602,1
46797,54316,0
41186,34306,0
53502,1086,0
42715,60840,0
45697,26751,0
41983,25396,0
43768,40010,0
29830,4185,0
5370,46005,0
23428,27147,0
38684,41533,0
54670,39037,0
21750,64158,0
6717,28438,1
53260,29470,0
3503,62752,0
725,51010,0
15943,60704,0
43873,63555,0
48106,50282,0
31341,15710,0
55962,21950,0
14200,12249,0
22782,34857,0
55554,20535,0
55777,14023,0
47888,31776,0
4918,37257,0
52382,66265,0
30560,65400,0
25870,63589,0
687,18799,0
36602,60092,0
1864,55382,1
52862,5303,0
36687,60611,0
10127,643,0
48993,47002,0
30397,20168,0
53990,26439,0
21992,13730,0
6976,46856,0
20814,30826,0
12981,19962,0
1558,10084,0
38237,38783,0
53660,38107,0
27763,66964,0
55633,40459,0
6482,36485,0
18995,65119,0
23700,68465,0
15189,34006,0
21138,24899,0
33676,10459,0
12623,8253,0
6013,47891,0
49738,46469,0
35415,63232,0
24921,16423,1
38336,31711,0
47214,51385,0
20253,22372,0
23683,27247,0
31925,12053,0
30939,51706,0
14168,41720,0
3799,21098,0
16196,56589,0
15255,15230,0
36754,22583,0
44925,22545,0
51279,6415,1
38334,34354,0
277,41339,0
34195,29482,0
49737,24204,0
21092,32959,0
39552,47297,0
32229,34438,0
5089,35317,1
2000,777,0
48310,7454,0
41123,36739,0
48995,68162,0
9125,58712,0
29407,41332,0
2338,57676,0
49413,51778,0
41172,15207,0
45248,46463,0
25391,60087,0
15538,8651,0
23222,19769,0
54900,7705,0
35949,69542,0
55774,4231,1
43916,54818,0
49604,24510,0
33620,24419,0
36835,32558,0
593,23311,0
1721,29565,0
13650,20790,0
28951,60413,0
11266,28496,0
33504,66761,0
1576,7262,0
18194,34815,0
13586,55083,0
38319,60798,0
36337,37914,1
35155,523,0
50050,26868,0
15750,34825,0
41528,17893,0
9654,2523,0
19660,26923,0
48898,59873,1
45835,55906,0
9391,41831,0
11262,50828,0
6132,41122,0
40095,15429,0
11958,47395,0
40877,23261,0
49474,56535,0
14967,31286,0
23020,55433,0
39816,20699,0
38221,19038,0
13293,48042,0
29752,28926,0
21890,58867,0
17002,13492,0
13966,52989,0
18593,12743,0
34843,42743,0
31364,14328,0
4510,19630,0
16711,24753,0
31298,50741,0
848,24298,0
10279,62559,0
39049,46537,0
3437,23845,1
34791,54882,0
17135,11885,1
11897,37336,0
22552,44633,0
35152,59016,0
24562,1025,0
30406,38207,0
46301,63538,0
8901,42522,0
47804,1028,0
1599,12596,0
39491,15765,0
29853,27484,0
5918,1036,0
31458,66252,0
55480,18399,0
29028,50709,0
35231,19363,0
3298,6821,0
17252,6469,0
10458,14932,0
47813,39896,0
26280,67740,0
27012,65954,0
15381,39637,0
22567,44643,0
9192,232,0
27789,12119,0
939,31854,0
14769,19684,0
29903,7331,0
53171,40048,0
53320,43017,0
30679,53306,0
42780,51984,0
30476,14216,0
43594,66287,1
16342,16066,0
11062,33598,0
44983,19528,0
55689,64098,0
30230,54339,0
34934,35101,0
34575,55921,0
36826,931,0
18080,9747,0
33806,69493,0
49245,62408,0
12883,45932,0
45870,7359,0
5359,2119,0
7915,39099,0
14187,58992,0
26896,26799,0
52105,18891,0
43782,40799,0
23607,67276,0
22557,16361,0
20649,37076,0
54421,51124,1
9367,24401,0
36086,11635,0
27647,21356,0
24199,61067,0
35023,39339,0
20718,61083,0
8182,63878,1
31610,67800,0
46958,24871,0
27612,35011,0
51817,67846,1
8675,64302,0
7144,44246,0
22371,37784,0
12594,1217,0
2601,24607,1
38455,48493,1
27069,58526,0
42607,29323,1
469,46092,0
13906,65703,0
46977,41668,0
45962,42932,0
34000,58800,0
8819,48693,0
35813,40865,0
54530,158,0
31485,29818,0
36281,41372,1
50686,1688,0
4879,64354,0
35698,65000,0
15134,64151,0
5246,28931,0
20972,21237,0
7298,43946,0
54230,32069,0
48720,9271,0
7682,50342,0
33478,66688,0
53079,69296,0
39209,12465,0
28498,43202,0
927,28409,0
48717,45905,1
29275,12429,0
26805,68156,0
7602,18408,0
42553,37906,0
30442,13662,1
20849,68307,0
10434,18708,0
50894,14119,1
31791,51072,1
20019,56085,0
22325,36039,0
6513,57562,0
31175,2586,0
52961,4639,0
28536,15833,0
30343,2599,0
17016,22968,0
15259,58069,1
4413,63239,0
50270,36545,0
18577,13833,0
17835,11461,0
11661,66909,1
29861,30902,0
37806,52033,0
44048,17311,0
39766,13016,0
39745,18161,0
27824,54311,0
39124,8523,1
38150,3199,0
37221,13393,0
39513,2610,0
12214,59219,1
4244,49025,0
28421,19134,1
39362,50432,0
45937,29325,0
27902,50857,0
40352,48889,0
46018,28666,0
37741,30106,0
46802,12096,0
17595,25604,1
37980,58768,0
22985,67082,0
5148,18317,0
6561,62437,1
8489,38416,0
14668,55730,0
2898,18385,0
43053,51623,1
8188,26709,0
12990,59082,0
8970,17374,0
10406,56706,0
13791,60213,0
40270,24440,0
17641,25483,1
49714,4781,1
44637,27071,0
12966,34710,0
55712,59099,0
53022,41562,0
49303,1714,0
34990,27990,0
34532,36520,1
6268,56325,0
42151,51080,0
37901,181,0
37181,18176,1
12477,65500,0
39659,2859,0
7029,55033,0
46039,24874,0
22575,65862,0
34411,37090,0
12235,719,0
623,37368,0
6201,29362,1
45034,69197,0
39990,31039,0
17887,28643,0
16180,60520,0
32552,8108,0
49414,62834,0
23791,60178,0
31342,57410,0
25893,50929,0
46590,14615,0
18698,34391,0
39924,60003,0
47855,9575,0
31513,3428,0
33035,60677,0
48882,68754,0
2286,67802,0
18378,9638,0
43340,23626,0
25624,48562,1
44877,21935,0
32432,7119,0
13326,39781,0
36004,7978,0
20877,13789,0
33254,25054,0
51722,57275,0
36357,40456,0
27504,3547,1
23336,56514,1
13047,6792,0
16392,49884,1
5253,41069,0
46474,19616,0
18191,60839,0
34641,41930,0
53905,61791,1
31903,14315,0
27875,12856,0
43319,58359,0
48738,42229,0
34877,50277,0
41007,69904,0
16000,36544,1
32304,41337,0
38772,47859,0
8426,28605,0
17777,42673,0
14514,58662,1
38449,61248,1
6875,65821,1
5501,44691,0
38945,6080,0
45137,36584,1
37734,7286,0
20944,23447,0
21908,52527,0
36088,32583,0
42583,30173,0
29147,30285,0
11313,19203,0
17041,51765,0
17834,68672,0
37488,27547,0
30315,43612,0
43809,65254,0
49965,63961,0
47416,11496,0
33960,9357,0
14804,52875,0
10746,22286,0
12004,42706,0
12307,13014,0
11605,10290,0
283,42734,0
29297,21620,0
29916,63060,0
2992,31864,0
21043,42316,0
51482,38652,0
44937,10108,0
5466,41752,0
47694,69395,0
12362,41321,0
29244,62419,0
19828,19992,0
50398,54360,0
16510,21875,0
19754,19646,0
13683,42263,0
26052,41594,1
3219,47037,0
46397,8173,0
19044,718,0
41892,22683,0
13294,66218,0
2059,22653,1
33026,8316,0
46954,31643,1
40300,7993,1
44361,15169,0
9011,32460,0
52024,41195,0
8247,13817,0
20911,50810,0
19635,5706,1
12604,32012,0
22526,33132,0
55803,49863,0
24328,66151,0
22048,6959,0
27168,38253,0
24924,45542,0
16759,32417,0
16563,42788,0
26473,47887,0
25787,23378,0
31431,62780,0
5835,58133,0
24522,8898,0
5058,60697,0
43701,44993,0
37426,43004,0
35027,32078,0
47561,63265,0
37586,5843,0
26976,63006,0
30079,39512,0
6271,50035,0
31654,19007,0
15311,7018,0
18163,50426,0
23899,42427,0
25764,42843,0
9312,63084,0
38707,24473,0
13762,24376,0
12376,49138,0
48303,11083,0
49141,26575,0
24857,52988,0
31013,17723,0
47581,64833,0
14971,12932,0
44121,63657,0
3555,52659,0
17324,61390,0
5488,21165,0
2273,2259,0
55915,30358,0
14064,57904,0
10020,49893,1
30506,69811,0
54296,42220,0
26307,17095,0
54211,9952,0
18737,34721,0
52852,61324,0
19165,6945,0
34322,55971,0
19246,46519,0
52587,12105,0
33468,19693,0
24449,63367,0
48341,4088,1
42505,37887,0
47633,45600,0
5265,62092,0
41749,32847,0
48426,54384,0
42876,45552,0
8274,16520,0
18633,57248,0
27339,11265,1
54066,17570,0
42853,44677,0
4580,49961,0
37329,14773,0
28048,39922,0
27104,62757,1
44390,7096,0
54105,47631,0
49734,16809,0
30905,12674,0
17961,57237,0
11756,14329,0
52451,4085,0
24421,69358,0
2820,27966,0
29279,33944,0
33416,4892,0
45585,68561,1
23775,21466,0
9841,4113,0
31844,47835,0
16717,62707,0
46938,802,1
9165,10042,0
20848,419,0
17631,54042,0
45533,63788,0
15499,54279,0
55462,19265,0
37217,58455,0
3707,65091,0
34244,412,0
47834,6094,0
53894,40135,0
31632,7032,0
7217,64229,0
14851,9277,0
35021,13348,0
50699,19620,1
1298,22907,0
33186,64027,0
10869,46631,1
30467,7351,0
24994,62217,0
22921,69208,0
26392,45104,0
8943,54606,0
9887,40490,0
50514,35976,1
44986,61433,0
36904,36468,1
13431,9533,0
8780,28042,0
42960,6298,1
19533,11606,0
48667,8263,0
36276,57367,0
12851,36853,0
25171,194,0
46670,39271,0
10820,63934,0
36614,36958,1
23344,29636,0
12522,54563,0
52337,61886,0
48301,24714,0
23856,53530,0
47833,9218,0
52696,5950,1
49421,10905,1
53663,51979,0
25799,52097,0
40930,6712,0
15356,41399,0
25578,1988,0
3308,6844,0
46577,57424,0
36179,27473,0
33025,30559,0
18393,36687,0
45243,40828,0
19714,65543,0
38267,69480,0
53204,12527,0
9807,29872,0
43110,11252,0
2445,63874,0
47903,4482,0
6667,47300,0
51291,41666,0
55878,55863,0
29884,39711,0
20041,5871,0
35387,9290,0
27707,40988,0
49731,57353,1
41031,21010,0
18713,283,0
51738,8658,0
17827,68660,1
21847,56208,0
47127,31128,0
53887,15574,0
17066,18000,0
25393,10455,0
18750,37050,0
12586,45975,0
32540,2384,0
50770,2902,0
23537,29050,0
27077,22916,0
46725,63040,1
32135,10147,0
42576,55698,0
26774,19960,0
29920,56843,0
46599,35193,0
32179,57078,0
17940,2434,0
20453,52265,0
45054,3273,0
12514,42664,0
50406,43437,0
44081,1424,0
50101,38211,0
29567,4308,0
54180,56064,0
23455,33459,0
26645,9878,0
17697,19086,0
3861,33752,0
28819,26859,0
43769,23713,1
34803,43481,0
8784,24174,0
48343,54625,0
2541,63680,0
30715,2786,0
39655,7421,0
33338,25126,0
44790,34621,0
11321,3652,0
38105,1958,1
21837,45726,0
10708,48588,0
13920,50306,0
20794,41065,0
11716,49328,0
34096,38378,0
48402,26015,0
31640,51519,0
10758,40824,0
31151,44639,0
30304,33426,1
13862,51800,0
3615,61222,0
24221,39609,0
34968,25448,0
9769,6356,0
46354,13794,0
7696,36611,0
50790,20199,0
26842,33427,0
31430,49955,0
40759,31781,1
18911,57865,0
20892,25291,0
45628,6473,1
36906,43943,0
51542,63275,1
49735,15378,0
35707,30576,0
41918,31164,0
19175,26006,0
49173,45681,0
6483,59196,0
13655,29587,0
52311,30968,0
34997,11165,0
17244,27073,0
6702,39551,0
28509,29772,0
8040,7960,0
42862,2788,0
24065,59590,0
8385,57553,0
14090,13610,1
9293,25427,0
19496,4620,0
42994,17041,0
3493,38002,0
31061,56781,0
11006,30048,1
15242,37886,0
25586,29794,0
3863,4432,0
46729,25921,0
38600,18243,0
9183,53911,0
48618,4727,0
46456,28581,0
53557,37407,0
6948,6619,0
10130,45006,0
2741,43693,0
36763,10371,0
30751,50894,0
28720,33548,0
5896,36968,0
26070,59618,0
55423,56566,0
7514,62458,0
39237,14240,0
37104,31608,0
43806,24738,0
44991,16366,0
50245,68009,0
26496,30136,0
46482,120,0
30602,61174,0
45849,48746,0
15811,9226,0
52131,67500,0
40616,48793,0
913,9711,0
19415,16071,0
31858,1506,0
45652,25383,0
39113,61453,0
15041,17252,0
45063,25171,0
23288,35301,0
53997,24707,0
22338,39652,1
35968,14336,0
14664,4765,0
807,15096,0
2441,9480,0
262,105,0
16313,14085,0
19235,13098,0
13126,64127,0
40735,66036,1
9648,21688,0
33054,24822,0
29037,66882,0
30605,53432,1
25253,69257,1
40529,15201,0
30265,39095,0
11790,61209,0
43770,7866,1
50624,64741,1
39468,29103,0
21026,53052,0
10439,20042,0
26281,41458,0
17168,58701,0
8962,651,0
48124,38744,0
13909,64718,0
25449,50050,0
7503,31342,0
23421,67553,0
2638,61667,0
42340,31464,0
11786,47836,0
38332,52001,0
4165,33414,0
27403,10461,0
433,21374,0
51394,14372,0
21344,26748,0
38198,46268,0
43977,24922,0
33600,18474,0
42529,53043,0
45168,18739,0
54494,11337,0
4892,45362,0
23334,34735,0
52121,43702,0
31702,21027,1
53729,12126,1
17714,43893,0
50181,15564,0
14250,30199,0
52242,38763,0
47390,48215,0
30878,26124,0
30585,42801,1
1972,65539,0
9199,59744,0
5012,12093,0
8191,36070,0
9731,23609,0
53343,16483,1
49983,29992,0
6204,12612,0
19478,28861,0
48097,28516,0
9281,38008,0
20520,24345,0
34900,45358,0
51634,40046,0
12971,35838,1
8449,19562,0
28551,10477,1
34427,16616,0
34920,42069,0
36954,59918,0
43739,34101,0
15278,63486,0
25206,22803,0
44353,37455,0
20392,1556,0
28560,7047,0
41504,62470,0
35154,60078,0
32418,21301,0
40610,29106,1
52723,53163,0
25867,68658,0
29182,39278,0
24568,3190,0
49929,14462,0
27845,38692,0
8042,40478,0
32738,47497,0
18461,28030,0
6390,23830,1
12335,63972,0
51489,44074,0
43466,5037,0
46933,1246,0
30800,24736,0
47846,27150,0
31900,22535,0
32340,44645,0
18289,21677,0
2189,13622,0
30247,66470,0
11259,65685,0
17894,59517,0
48179,51166,0
3933,66500,0
18104,34515,0
15177,64837,0
8318,8470,0
16690,15769,0
12153,62894,0
17811,2684,0
5712,11631,0
9696,42395,0
35666,68175,0
13604,43920,0
25606,5496,0
11562,27934,0
50074,22382,0
51747,66568,0
1156,4539,0
43150,62887,0
985,6168,0
30317,48611,0
7278,2922,0
9044,15541,0
43219,5187,0
46162,18591,0
48891,53130,0
40464,13861,0
8145,57512,0
10276,67977,0
34257,15920,0
12319,36959,0
29917,15344,0
45364,52174,0
5373,49120,0
35896,35138,0
47225,67860,0
14572,45073,0
52282,57423,0
34095,16631,0
32595,51109,0
33163,49317,0
29705,37742,0
31892,45230,0
17525,12414,0
4855,49564,0
5996,38027,0
53273,13683,0
45783,61075,0
3402,33734,0
46306,22113,0
50830,25257,0
40665,58970,0
35014,6650,0
2362,2623,0
39444,61316,0
11658,17470,0
39635,52833,0
33344,60228,0
2868,602,0
20177,62145,0
37214,730,0
24975,69272,0
27194,19099,0
42482,39536,0
37983,53571,0
10424,69874,0
9035,19806,0
45237,40955,0
2830,50333,0
51944,16193,0
30504,34073,0
27511,55713,0
1623,43394,0
24516,11379,0
50070,4051,0
52620,34874,0
6917,1561,0
19820,60910,0
6010,14930,0
48551,16817,0
26759,64555,0
25719,19774,0
42762,40553,0
21193,14520,0
52861,50821,0
28691,42276,0
14619,18991,0
7949,54575,0
22714,29322,0
14579,65279,0
4016,16525,0
43134,25049,0
32204,2672,0
44911,46993,0
29094,18181,0
44157,9228,0
33732,32941,0
35028,55686,0
37758,4983,0
4896,34299,0
48504,48355,0
52943,1494,0
31163,9519,0
3461,51337,0
38844,41848,0
32010,30784,1
5975,46340,0
20524,32156,0
35018,23020,0
4119,42143,1
14261,27679,0
23278,11091,0
20934,7981,0
10049,58973,0
16507,49737,0
44324,57678,0
20217,57939,1
2622,62778,0
14883,17605,0
13058,41513,0
3001,46272,0
53118,45088,1
43503,66722,0
18778,26673,0
3776,61684,0
6926,15690,0
29296,4839,1
55535,50719,0
11081,39654,1
41181,69128,0
6357,29319,0
20510,62112,0
53918,43655,0
30861,26880,0
37925,59263,0
41417,34071,0
54248,62283,0
30417,469,0
3850,27077,0
28382,58928,0
16094,22379,0
19312,2714,0
23156,60593,0
34043,19129,0
25742,1284,0
54250,66163,0
3077,45211,0
34686,64243,0
31649,2168,0
47444,15346,0
40314,19591,0
48802,46385,0
17713,1145,0
24742,19272,0
10218,45310,0
34116,674,1
26264,22251,0
29403,29902,0
32613,56106,0
13098,37757,1
24840,37900,0
55353,430,0
46756,47572,0
54804,1023,0
46626,47331,0
42629,25136,1
4048,55240,0
12001,53457,1
37079,32789,1
29093,14100,0
26075,44024,0
35430,28739,1
35752,2476,0
29347,67272,0
22472,19545,0
25026,56963,1
1497,58020,0
48037,25504,0
44705,7946,0
1400,36688,0
32073,45754,0
4305,56376,0
4326,36172,1
48307,13368,0
54341,27203,0
5874,25999,0
36947,16230,0
34616,59233,0
16530,11164,0
54206,24876,0
13694,37987,0
811,31354,0
15293,1923,0
40324,67083,0
23310,67824,0
27461,29062,0
51282,20236,0
22112,15421,1
19891,20255,1
54938,19014,0
20509,53582,0
22033,6943,0
51614,39665,0
4107,35332,0
3635,39929,0
40802,58740,0
32227,28279,0
18173,21518,0
22865,18816,1
23098,49839,0
53821,68480,0
52554,10453,0
42315,67382,0
3011,54200,0
17937,9782,0
42226,28260,0
51829,47207,0
16742,43187,0
7608,16401,0
12711,32051,0
25648,32257,0
7515,24929,0
416,58848,0
33627,61914,0
35049,51138,0
14403,44527,0
12496,31954,0
480,35474,0
15521,9829,0
32205,21209,0
12814,6780,0
26826,15424,0
55000,52059,0
18314,47989,0
31142,3553,0
16841,16436,1
23577,44769,0
1644,6150,0
31690,25650,0
19240,55395,0
40217,62261,0
26540,14992,0
25415,3854,0
9064,40577,0
8420,5896,0
14366,2123,0
45381,46825,0
351,52957,0
36549,18498,0
16179,35349,0
48921,35837,1
46585,26185,0
24622,26372,0
36837,45064,0
46962,20518,0
21519,10058,0
53412,13184,0
1853,46907,0
167,44205,0
30423,39224,0
40349,68328,0
1640,23786,0
3584,19664,0
4077,11882,0
35636,62657,0
28837,42090,0
55782,27005,1
16273,17020,0
18869,5045,1
37109,7109,0
36698,60027,0
38877,1052,0
50738,34262,0
564,68907,0
21893,69984,0
10477,26096,0
50978,4760,0
4513,69678,0
33862,8934,0
21268,3107,0
9712,38183,0
32473,13902,0
16454,41120,0
32661,27188,0
28786,13019,0
4689,44874,0
3002,41872,0
16243,61995,0
7205,722,0
53323,50644,0
15423,57176,1
44903,20539,0
18813,43086,0
51250,10546,0
49206,54901,0
47913,9386,1
6689,57300,0
11461,52280,0
34255,52741,0
9006,40803,0
31648,18927,0
5436,54772,0
48005,61161,0
25927,47209,1
3489,56528,0
43676,10592,1
955,14472,0
54422,57912,0
15999,65346,1
2440,9795,0
32638,31693,0
39247,55543,0
27661,41914,0
37813,27465,0
44804,65629,0
29109,10343,1
16145,19595,0
10522,68123,0
770,51887,0
8723,709,0
47258,41913,0
21926,15113,0
41626,50093,0
52060,63061,0
19723,13508,1
33244,39794,0
5195,14265,0
29056,62732,0
8020,55778,1
39514,47222,0
12345,64279,0
11192,20865,0
24531,21281,0
3732,57031,0
36461,9963,0
28238,33776,0
50627,26158,0
50641,69776,0
37316,3644,0
40271,13611,0
536,52892,0
16864,50155,0
17554,3577,0
17542,23983,0
51227,53253,0
35368,47615,0
22756,4391,0
28373,4395,0
17170,63190,0
52652,27898,0
55634,56045,0
13561,64398,0
51793,29590,0
628,45106,0
46875,36600,1
47824,47407,0
29121,64626,0
49759,69685,0
22096,16081,0
53478,43935,0
54013,12480,0
11667,54898,0
39300,40823,0
54906,607,0
54468,44099,0
43754,30414,0
48565,50893,1
7892,23923,1
21728,40074,0
50906,17446,1
52798,65368,0
23884,47172,0
8500,26993,0
45425,33683,0
16140,18283,0
17893,978,0
50778,37654,0
44070,64556,0
36383,25662,0
27805,49664,0
31354,10572,0
55235,14861,0
34558,66839,0
13075,7410,0
18863,35525,0
49335,14157,1
47109,3026,1
13019,40718,1
25419,36389,0
8960,61442,0
17346,31019,0
41967,7219,0
27833,301,0
28616,46315,0
50328,69479,1
7229,40388,0
46229,58532,0
16853,66692,0
8618,5281,1
50941,50294,0
43751,21719,0
44067,98,0
41016,61417,0
11082,3247,0
23210,55057,0
22835,46608,0
25182,8770,0
14181,62947,0
9010,46173,0
27753,55298,0
40534,30906,0
52815,29762,1
7266,33450,0
50478,51129,0
16114,11895,0
19223,56074,1
1197,52954,0
42069,10778,0
46267,12730,0
45022,11807,0
17999,15469,0
53636,28842,0
22088,20771,0
1489,51133,0
15655,39557,0
45402,69118,0
6528,26866,1
4826,39835,0
39211,29026,0
46862,44689,0
36415,13238,0
30925,33576,1
26471,6389,0
53493,63170,0
38532,6564,0
29543,35522,0
53612,9224,0
15832,59558,0
48494,18011,0
7893,43958,0
54893,58826,0
19869,49473,0
39507,20452,1
7567,64536,0
13757,16840,0
43368,26702,0
25827,53522,0
37115,33849,0
86,43402,0
4704,61210,0
50012,55180,0
47609,38395,0
41597,53019,0
9134,45456,0
35937,30009,0
6930,66267,0
44392,37196,0
11245,39284,1
51688,10920,0
24802,33105,0
21284,10557,1
12136,36734,0
5819,27194,1
6100,49327,0
35528,2367,0
6558,9030,0
4815,12462,0
49975,51521,0
15277,18193,1
47612,47952,0
19413,41454,1
16093,57014,0
13267,62735,0
25677,33077,0
9267,21275,0
34655,61631,0
26060,58505,0
19302,56050,0
36995,56359,0
16962,39559,0
37445,24618,0
9620,56873,0
46684,16458,0
53254,21146,0
44445,29745,0
5879,31621,0
16231,57477,0
1570,5983,0
15593,35654,0
24758,39954,0
4285,9003,0
29440,69170,0
8596,7957,1
4613,2509,0
55379,20730,0
22969,35478,0
9398,28399,0
50165,53672,0
7340,40930,0
35356,63922,0
2138,53902,0
20626,14713,0
28445,46182,1
46740,29420,1
29501,47788,0
16270,61581,0
19437,68259,0
33527,66173,0
27474,67662,0
15550,63427,0
14786,31556,0
46430,42479,0
6188,21192,0
23591,34575,0
29702,33340,1
52904,30403,0
13579,34393,0
34358,23391,1
42365,28922,0
35913,4312,0
44541,26648,1
17782,40024,0
33564,50412,0
30292,33687,0
38742,50462,0
1122,32523,0
14577,18775,0
173,9416,0
54662,51189,0
35117,55034,0
40926,51397,0
37483,61952,0
39714,2780,0
27589,43876,0
9068,68863,0
3316,15295,0
12608,53919,0
32344,51858,0
45127,53792,0
24510,28985,0
49366,50336,0
43329,25760,0
43486,41939,0
45412,26894,0
17318,28395,0
12423,63497,0
23343,38130,0
50208,50871,0
11056,28027,0
14784,61865,1
439,69283,0
850,8954,0
3570,68958,0
1438,69471,0
41790,16773,0
3639,15252,0
40559,21489,0
49132,43099,0
25680,64006,1
54960,20259,0
53085,69482,0
35087,10913,0
26450,63311,0
12184,46601,0
2022,56640,0
5954,40563,0
43848,1355,0
40075,31956,0
14764,31216,0
48503,37427,0
21888,60009,0
31156,16215,1
15247,26577,0
45384,48063,0
53147,30827,0
27338,19970,0
651,39995,1
8972,10853,0
18938,53259,0
27288,50084,0
19460,3968,0
6759,5126,0
38988,5125,0
48325,3892,0
10280,22714,1
54973,36488,0
26259,27446,0
55710,4941,0
50319,4985,0
44421,19963,0
46071,29453,1
55778,5386,0
14092,3356,0
7616,26395,0
55800,37878,0
43957,19184,0
40894,19220,0
18841,1449,1
55318,26934,1
55244,3134,0
20155,42301,0
1534,8559,0
46108,653,0
15035,47429,0
29941,4486,0
3221,456,0
28923,28683,0
36653,51262,1
44878,9661,0
21131,25455,0
3604,9380,0
28524,12252,0
6975,43452,0
34465,20071,0
30959,51409,0
5576,35207,1
3792,4900,0
48372,50444,0
36403,198,0
46043,39964,0
12639,12581,0
40376,19122,0
42680,57437,0
34950,39565,0
861,36608,0
28622,56497,0
38543,38170,0
28032,51908,0
46506,46448,0
52560,47329,0
14350,56918,0
12081,49504,0
4245,52235,0
54309,42035,0
35375,24952,0
28845,28113,1
16203,56225,0
31372,4862,0
51992,68209,0
30037,29922,0
16421,15891,1
9709,47702,0
54669,42082,0
2069,28149,0
465,52610,0
35880,15231,1
7716,35745,0
31470,7630,1
32820,65755,0
21590,40031,0
18521,4502,0
15027,29756,0
1508,67193,0
17009,45462,0
39221,67796,0
54871,24339,0
5026,64254,0
47873,11888,0
22175,245,0
8370,69795,0
14731,8295,0
47477,63090,0
46152,36579,0
22146,49539,0
45943,32112,0
17808,13209,0
13976,68061,0
45705,9998,0
25076,59791,0
21538,48992,0
15483,31277,0
34437,32169,0
42142,55612,0
29108,3243,0
16516,56990,0
25066,64222,0
32291,54193,0
12506,43880,0
5785,64990,0
7201,40184,0
43003,13216,0
28965,38775,0
49668,36808,0
48062,27864,0
40281,820,0
27842,21709,0
49598,34774,0
52002,53355,1
47544,15597,0
5854,15741,0
29110,50217,0
22719,65147,0
5314,5371,0
35311,38406,0
194,43599,0
18087,44328,0
18391,65633,0
22690,8169,0
15236,54864,1
33240,53460,0
21746,5529,0
37161,63072,0
47578,15188,0
22914,8794,0
7722,40910,0
22079,64750,1
10197,23419,0
44766,63327,1
1444,69675,0
32944,69123,0
3067,14479,0
3617,59217,1
24724,54375,0
13426,49895,0
21478,68780,0
7780,34090,0
673,21254,0
15725,13400,0
34966,19131,0
42996,2430,0
20024,18753,0
2328,36769,0
33275,40272,1
23413,7498,0
36036,60484,0
9845,56413,1
45314,33540,0
33796,20644,0
20137,28381,1
4740,41810,0
26731,23563,0
54742,35189,0
39769,53203,0
20562,11776,1
40807,35930,0
34526,49090,0
19258,68521,1
53137,18314,0
39910,3192,0
32234,46040,0
29982,48353,0
12609,9171,0
7070,55640,0
5140,32250,1
2418,32035,0
28852,62516,1
55780,9898,1
20083,52320,0
52422,67087,1
54209,50197,0
2110,49275,1
51039,17798,0
34394,1582,0
13449,53134,0
21597,38928,0
43986,49835,1
25321,28051,0
34931,20604,0
36178,49907,0
32455,67070,0
11566,43335,0
5536,54647,0
46488,50755,0
42677,59452,1
18111,53078,0
55051,10618,0
23479,35389,0
30589,66720,0
33681,64446,0
54945,39933,0
51483,64865,0
54834,5681,0
23069,23577,1
44498,26394,0
5865,62891,0
35243,40133,0
54395,65696,0
8455,51076,0
51899,9142,0
44681,63283,0
44660,17381,0
22643,22075,0
6234,52391,1
26046,58872,0
17180,20475,0
22922,10050,0
8739,26093,0
54683,7247,0
15039,45860,0
48399,52997,0
40192,57996,0
26308,11446,0
962,20463,0
16618,24435,0
33376,33969,0
25673,46486,1
18527,33602,0
13298,38441,0
484,52220,0
11680,55632,0
6383,63387,1
39109,69861,0
17928,7192,0
37854,14835,0
3939,26603,1
28494,27967,0
29068,48499,0
48902,28368,0
30108,94,0
35463,35571,0
6400,29370,0
9450,25719,0
22570,16807,1
702,49886,0
25897,27847,1
13053,54764,1
10772,55844,0
31539,9908,0
31257,44751,0
39108,28455,0
32225,42386,0
16089,20134,0
34483,35368,0
29353,69260,0
26594,12004,1
38139,56109,0
13602,44049,0
45617,21205,0
46586,44109,0
19327,36425,0
50634,60073,0
6161,45465,0
34970,26461,0
37314,39777,0
10595,39596,0
38637,37829,0
45418,60291,0
54227,61532,0
41581,43949,0
32460,62165,0
23048,43553,0
15463,51201,0
18237,48549,0
20790,47577,0
1562,23394,0
37826,36992,0
17964,6874,0
28545,55831,0
40656,67338,0
21418,6338,0
18775,19669,0
2132,25356,0
15578,37461,0
12189,52469,0
22503,66618,0
20196,42621,0
49512,4295,0
47049,30558,0
24178,30736,0
19482,16655,0
12421,3466,0
34089,1861,0
52046,9629,0
30427,58790,0
39838,60714,0
44180,44178,0
54621,56044,0
42241,62642,0
43661,60540,0
16723,61554,0
7337,67156,0
4962,7521,0
55503,11394,0
9069,4544,1
41990,47638,0
10289,45787,0
35884,35333,0
696,24431,1
18486,56629,0
4678,8496,0
55058,5387,0
35002,41437,0
36555,44596,0
36872,60557,0
9172,11194,0
16228,32943,0
51617,61598,1
40624,11615,0
5158,44805,0
5653,47388,0
18203,68836,0
26306,43546,0
54142,24709,0
18143,24708,0
31268,41539,0
47279,31095,0
51819,7431,0
1232,8467,0
18598,58779,0
25243,44479,1
33235,27407,0
9501,5593,1
27478,68997,0
28571,6795,0
50135,40259,0
30139,16219,0
12074,51171,0
47072,53733,0
23597,64746,0
40850,27626,0
20005,56577,0
40058,47607,0
55937,38502,1
45690,33153,0
53813,26210,0
44700,69097,1
5734,34598,0
40198,69846,0
9976,67471,0
45733,4967,0
31251,55177,0
2562,7830,0
20375,37120,0
33196,65050,0
50940,379,0
1181,30283,0
7592,22734,1
53877,7905,0
34956,62785,0
13048,3634,0
11306,61876,0
8790,5786,0
4315,15532,0
23825,12779,0
55733,19547,0
25916,57538,0
29366,14391,0
43045,25702,0
31612,52412,0
6019,39289,0
4227,41029,0
20297,59355,0
25982,4068,0
32652,60740,0
53431,65357,0
21714,55210,0
42981,20314,0
29930,27305,0
44718,55442,0
25846,25072,0
27013,32249,0
42181,56135,0
1956,66478,0
32053,49680,0
4064,37446,0
210,44819,0
1704,56727,0
45905,31908,0
46666,7007,0
19808,858,0
41056,6854,0
28120,49048,1
53830,10840,0
43518,29078,0
49209,23549,0
37348,26396,0
23181,36227,0
12403,26609,1
13624,8068,0
39186,14410,0
23346,28465,0
26277,1976,1
14614,60906,0
37277,48604,0
29569,50137,0
6756,26773,0
501,60863,0
44772,57117,0
40398,18424,0
36624,16690,0
9246,38281,0
17534,40073,0
29036,29562,1
49919,19164,0
11208,67825,1
53128,13203,0
20145,58454,0
19842,33326,0
13154,10355,0
3431,51546,0
55845,53955,0
505,1515,0
6685,58306,1
51442,9639,0
14946,22860,0
42433,40470,0
52565,33083,0
36326,1864,0
37949,28431,0
17704,34995,0
7640,16716,0
50213,15335,0
261,53506,0
10307,60463,0
9829,11229,0
32249,22996,1
1422,36828,0
45646,20762,0
8773,5734,0
53650,36690,0
39431,56815,0
48076,34916,1
50407,57134,0
8654,18228,0
16916,3036,0
53753,47234,0
37359,43450,0
19185,22095,0
44145,27459,0
55581,36972,0
1114,32922,0
54904,51676,0
37416,16601,0
44379,39479,0
52803,30538,0
19578,60132,0
27545,67944,0
21338,22041,0
1397,40530,1
2767,18198,0
53533,31158,1
12052,31038,0
45958,44810,0
14013,4445,0
18035,50882,0
55211,35623,0
7320,22277,0
17896,31060,0
8490,48234,0
50655,9635,0
41633,59097,0
32636,9586,0
3210,46403,0
6129,10129,0
21654,53283,0
11475,35252,0
17108,58382,0
39258,42364,0
28262,18452,0
11535,67777,0
46826,33622,0
28414,60960,0
50351,53866,0
26381,49956,0
30542,47389,0
23454,35085,0
11150,65967,0
32570,20000,0
39607,59062,0
4070,13021,0
33588,68020,1
19988,24804,0
48735,39558,0
38778,41181,0
17220,32363,0
45391,11360,0
13458,18304,0
47227,45457,0
54642,44473,0
31343,56053,0
52100,16984,0
20940,15940,0
14111,41766,0
14581,4521,0
18209,14698,0
27560,69164,0
11583,32639,0
3377,14064,0
19485,2776,0
41480,66583,0
13933,69243,0
50299,8712,0
12619,4208,0
12351,10670,0
24149,65039,0
28773,12836,0
33516,61107,0
46090,24770,0
13013,44883,0
9670,21987,0
5048,2049,0
8235,23319,0
14761,47330,1
27298,58466,0
33935,20305,0
5035,30405,0
20985,3324,1
16107,11471,1
11734,47306,0
55913,19939,0
9314,14517,1
33138,38948,0
15864,40146,0
33747,65768,0
24684,61022,0
9536,53658,0
36961,9121,1
48947,2270,0
41847,103,1
29942,41645,0
32087,49732,0
32946,38710,0
40007,27641,0
13996,43769,0
30450,28631,0
46966,20782,0
53684,46294,0
34793,43294,1
32453,7259,0
49661,55591,0
33074,22500,0
35317,37620,0
54059,33518,0
11761,38881,0
4647,13688,0
1334,45946,0
44127,24958,0
35623,36324,0
51200,49380,0
31091,12832,0
13328,27664,0
39554,5499,0
5227,8420,0
54200,50561,0
10268,31543,0
32609,55275,0
1048,27772,0
47156,60536,0
46533,29570,0
20274,28174,0
39510,27398,0
20664,35264,0
45191,33501,0
11634,34202,0
35301,62957,0
51845,32253,0
52512,35951,0
15868,40011,0
33855,2725,0
1183,11202,0
6315,8226,0
47931,49654,0
28722,3449,0
9760,58015,0
2354,57440,0
33931,22857,0
25782,23103,0
7132,16210,0
34611,46187,0
5860,36442,0
52053,61780,0
40648,12128,0
34993,69048,0
45823,32348,0
51132,11468,0
30189,46318,0
16801,49040,0
833,4429,0
21286,6411,0
36916,55495,0
32044,44348,1
11500,32236,0
49533,59057,0
14477,23383,0
24542,50391,0
48444,20495,0
22589,38509,0
22621,69313,0
1703,2206,0
45898,25158,0
47774,33820,0
23201,26150,0
33502,12687,0
16764,64667,0
11729,22348,0
18519,54624,0
36156,60535,0
47298,45955,0
44479,21341,0
51450,41347,0
55331,9884,1
42947,44567,0
4420,58735,0
37935,8378,0
29484,68186,0
3136,12783,0
30532,67700,0
13924,41053,0
1941,45157,0
10240,58738,0
38035,54251,0
48940,11855,0
24438,59493,1
40445,5814,0
18554,49425,0
22964,18881,0
20576,3857,1
38567,61474,1
39471,35781,0
25873,16874,0
24787,53038,0
28663,32247,0
9433,20386,0
34007,31226,0
29074,9420,0
16144,44119,0
39562,892,1
14976,28390,0
40839,43210,0
32707,340,0
29015,35678,0
36409,22943,0
31972,31757,0
17203,8570,0
1738,17241,0
26334,53049,0
51133,734,0
19060,41714,0
1824,20709,0
35419,47360,0
17756,62836,0
33112,2977,0
43222,31661,0
22850,61563,0
47417,16969,0
42792,10627,0
38348,52609,0
34348,40231,0
17475,62377,0
12659,54706,0
9848,29328,1
41035,50207,0
21567,13990,0
31685,4658,1
29456,32315,1
29563,54248,0
35753,55385,0
14029,672,0
49911,68649,0
33923,5869,0
3366,13612,0
3211,39274,0
19452,44929,0
19872,30864,0
16170,54573,0
31743,49485,0
28458,58305,0
38277,48827,0
7475,66709,0
17372,13236,0
50920,30578,0
1061,22778,0
17962,31421,0
45821,28714,0
33780,68734,0
13024,9727,0
1680,37910,0
9057,13318,1
41673,52021,0
8478,29133,0
6583,48435,1
50409,15536,0
4622,69062,0
24234,26164,0
18925,21550,0
39476,67903,0
8578,53528,0
44236,848,0
15806,32637,0
19127,6355,0
15130,66780,1
37920,60825,0
53611,8619,0
7270,68303,0
42185,57295,0
52885,51182,0
37788,16495,0
49621,2793,0
17249,61676,0
22866,12121,0
37642,21420,0
2762,26561,0
23282,48114,0
33200,10098,0
51162,62198,0
29331,33829,0
10783,39013,0
3885,65122,0
38475,3248,0
54031,5728,0
16785,36850,0
22879,66417,0
42515,64693,0
43049,10356,0
23005,30800,0
3053,67877,0
25803,2639,0
35078,58289,1
4822,10306,0
34985,66855,0
37906,5323,0
14631,14534,0
9842,59804,0
10441,37425,0
29099,42208,1
51760,59083,0
47230,25891,0
31714,3864,0
48065,62234,0
29747,50406,0
55756,50283,0
2344,14153,0
18797,58292,0
47297,39006,0
39789,64311,0
40680,34439,0
47654,40439,0
37858,58602,1
28650,23575,0
49432,41519,1
4813,67032,0
35347,47545,0
34713,10771,1
5396,40775,0
39253,46132,1
42631,52416,1
50510,19895,1
47622,41735,1
31581,63162,0
29913,64878,0
44611,61395,0
8479,31033,1
48294,3365,0
24206,2313,0
52063,40433,0
3382,6802,0
53743,37051,0
48691,43337,1
9055,6045,0
28433,62702,0
45881,41688,0
12399,17868,0
6065,39741,0
13914,19022,0
49294,63242,0
48657,66463,0
51460,34791,1
38313,66274,0
39246,43115,1
581,20353,0
8620,65275,0
34719,17568,0
21905,61062,0
28049,50480,1
54631,45151,0
43071,58207,0
2185,53874,0
43112,38965,0
22822,5981,0
49320,66055,0
46929,29692,0
14278,63288,0
27650,53606,0
32465,54909,0
5071,29032,0
8115,53328,0
50682,65479,0
47201,8606,0
33051,56282,0
35146,55672,0
55863,4474,0
1928,58674,1
31399,53120,0
29641,48359,0
43212,41138,0
38062,38250,0
13039,39818,0
11608,47416,0
22427,48135,0
27692,30422,0
25804,24664,0
53733,45421,0
24478,3062,0
17520,13868,0
460,61013,0
55751,34125,0
32908,61491,0
55233,60639,1
47856,7735,0
17395,56621,0
6779,46982,0
41020,40756,0
5777,21633,0
1741,21571,0
35254,44326,0
11547,22270,0
28077,24160,0
19795,52472,0
7343,25736,0
7182,21462,0
6660,52992,0
16754,39181,0
47376,15260,0
14658,51943,0
30187,48127,0
50093,11825,0
16031,62310,0
36305,55111,0
26180,14250,1
27465,44555,0
19664,41991,0
46770,57839,1
37141,55014,0
21421,47908,0
8643,44634,1
51385,19690,0
34904,40417,0
43144,59065,0
42074,6555,0
12144,48636,0
36594,67883,0
11032,9043,0
43322,1357,1
26452,65817,0
14001,26911,0
16097,59463,0
43026,35353,0
22376,25230,0
24990,59477,0
9118,31485,0
35534,6479,0
11615,53154,0
33992,1337,0
33835,10556,1
22330,44764,0
42448,67621,0
34893,20532,0
19221,54070,0
25203,35427,0
29490,20821,0
18954,46200,0
20230,57,0
2165,16821,0
43797,68199,0
41900,44785,0
41822,7265,0
32448,14466,0
40401,641,0
20958,58209,0
50251,46549,0
1274,51158,1
6658,55643,0
9440,17391,0
7982,64081,0
47228,32044,0
54754,12303,0
46716,52793,1
28124,28433,0
20065,29059,0
31479,19464,1
12510,46196,0
2213,49479,0
21403,40785,0
5754,47553,0
12967,68937,1
24560,55184,0
35108,12027,0
10713,30523,0
26747,53221,0
55976,61928,0
47709,26045,0
39928,908,0
47263,7231,0
14543,34170,0
18674,57232,0
10926,11205,0
52327,26177,0
55821,53775,0
16914,58053,0
38798,12345,0
3241,33835,0
7772,44525,0
4449,47895,0
15603,62395,0
37474,64550,0
16528,15671,0
13656,18465,0
9580,31940,0
330,44749,0
46324,29437,0
42789,65222,1
21051,25180,0
150,52047,0
53851,45712,0
43312,36743,0
34325,45966,0
55138,60940,0
54257,52748,0
51811,1760,0
35071,52362,0
37490,67533,0
9631,35901,0
25067,1769,0
39782,32667,0
29239,52145,0
6423,9860,0
20207,42484,0
3256,36912,1
10917,20905,0
51020,41816,0
6329,62714,1
54218,2421,0
32619,15018,0
27290,52040,1
16875,11026,0
47439,48142,0
52909,2094,0
33224,20393,0
41940,64066,1
14487,56200,0
34639,19735,0
12169,58416,0
5045,5822,0
7821,65810,0
2531,30036,0
49013,36610,1
30182,21746,0
42442,15913,0
22902,32515,0
38300,46395,0
41843,68281,1
9073,5335,0
26006,53041,0
31180,54254,0
21212,44913,0
18176,17403,0
24223,35689,0
5761,57587,0
45829,38364,0
27225,20,0
50158,11519,0
16079,2462,0
26169,60794,1
46810,30856,0
25779,47724,0
2664,3138,0
47453,17108,0
49706,29527,0
54074,63815,0
17278,13940,0
14504,47713,1
52141,19982,0
34253,44800,0
28257,34214,0
55704,44442,0
20192,51601,0
45552,4320,0
53547,29788,0
30443,5069,0
16883,56871,0
40712,1426,0
48070,9333,1
3906,42979,1
35662,35779,0
12248,58393,0
4146,57868,0
22938,45615,0
37652,35099,0
9263,45528,0
32949,16593,0
22489,18446,0
41110,61368,0
33042,5283,0
31473,47804,0
30414,18606,0
17456,23278,0
2229,37888,0
25550,68148,0
14295,60846,0
55784,46643,0
17814,6306,0
3378,57944,0
39208,1083,0
50544,51663,0
21761,28776,0
49562,22004,0
39775,32569,0
30920,46565,0
13443,56449,1
31804,52003,0
12892,26547,0
11270,13908,0
53688,14829,0
35204,292,0
51782,63145,0
16344,10122,0
51091,16135,0
43011,13267,0
54033,14489,0
30010,58190,0
17688,66683,0
2854,3607,0
48540,56308,0
43598,5863,1
37459,48345,0
22965,32917,0
33509,39717,0
53906,30870,0
49741,56219,0
28617,54794,0
21377,52756,0
5748,32466,0
39442,63113,0
9301,17019,0
2436,18853,0
38510,22279,0
3186,27221,1
55343,49890,0
128,31691,0
3862,25233,1
17523,12550,0
3836,60553,0
29740,45702,0
22348,5443,0
2517,21142,1
55172,45708,0
41588,17537,0
19265,39151,1
5306,32787,0
5367,26959,1
3150,3103,1
44802,7590,0
5701,24888,0
41208,27096,0
14142,64973,0
50373,28143,0
41389,5361,0
52742,16547,1
49024,35218,0
11296,34513,0
1282,23002,1
49397,68922,0
25313,60383,0
45130,34847,0
41,43725,0
45029,13473,0
40107,66859,0
5087,36472,0
10565,34743,0
34167,54137,0
20740,69318,0
22955,31199,0
21122,8910,0
22051,67966,0
6067,14422,0
40027,47997,0
27455,42638,0
16776,25366,0
6193,69483,0
33911,3820,0
17050,4424,0
16822,13629,1
15594,50602,0
8788,21674,0
9331,38099,0
5541,38536,0
7128,14116,0
12959,12717,0
20430,54802,0
35250,20229,0
13902,5288,0
29786,7979,0
42917,63711,1
10583,18674,0
30040,45063,0
36862,12930,0
41697,57834,0
32155,51048,0
28086,24436,1
11265,13186,0
15459,31059,0
51586,67358,1
6550,44198,0
8161,20088,0
3284,22175,0
32239,26420,0
41744,69715,0
37399,21322,0
44085,55427,0
37708,39813,0
21860,54758,0
10253,45089,1
3118,51537,0
48218,56268,0
5216,67459,0
37501,47890,0
33777,22179,0
55888,67949,1
44022,14950,0
53259,1160,0
27865,42062,0
42173,61326,0
18200,2946,0
48699,4162,0
3494,49134,0
1818,64133,0
20974,1398,0
4108,22781,0
21328,61358,0
27694,8537,0
37757,38982,0
27809,27284,0
41394,52922,0
52297,33304,0
39634,11104,0
53801,1000,0
25895,60174,1
874,32019,1
6527,32846,0
42970,69873,0
47424,59268,1
43812,50177,0
748,5365,1
27708,7274,1
38287,6812,0
35259,10769,0
19746,37057,0
47255,25361,1
19849,64580,0
22806,35220,0
55196,42827,0
36223,26943,0
24492,23222,1
7162,3173,0
3495,51329,0
31696,60309,0
37600,67955,0
15102,51075,0
34751,61816,0
34015,66513,0
6542,14851,0
28606,38671,0
51090,50788,0
7479,50173,0
53078,52766,0
48614,42348,1
49025,48285,0
19263,5082,0
50126,59790,0
21785,19138,0
29551,5649,1
18683,36475,1
31803,688,0
20727,63977,0
18517,67249,0
23709,43181,0
12283,20461,0
6720,20258,0
40170,69372,0
29445,33115,0
25620,33629,0
26266,66226,0
22986,24980,0
38476,6197,0
31233,18311,0
2561,61043,0
4518,57732,0
43072,49423,1
53440,2994,0
47981,4688,0
41884,6013,0
53519,28106,0
46944,4139,0
6497,20308,0
31424,52196,0
28954,57721,0
7122,34812,0
53523,54157,0
5525,15622,0
53515,39311,0
3396,69514,0
46624,29215,0
16332,64757,0
17356,67053,0
17707,748,0
44894,36566,0
11037,68025,1
51555,36193,0
31737,53562,0
53107,48005,1
26939,63244,0
23460,33253,0
37111,10934,0
15978,17417,1
54387,15012,0
50032,44122,0
46848,26912,0
27308,34461,0
33788,24289,1
33965,51384,0
25903,19478,0
45385,15972,0
8147,31825,0
25334,43381,0
14766,12735,0
4273,12334,0
31140,29863,0
44453,52591,0
20475,16152,0
44384,61703,0
9803,6990,0
24702,66718,0
18999,59895,0
25229,33709,0
24467,351,0
36967,31244,0
16971,15080,0
42424,56703,0
20552,1082,0
30495,9265,0
829,69203,0
16112,8215,0
30643,11989,1
9987,36826,1
5528,6459,0
47520,36309,0
43802,2649,0
44985,24092,0
30061,35306,0
479,17497,0
54682,54061,0
36969,12936,0
13183,35833,0
9206,13319,0
35550,47511,0
19138,13862,1
29626,40537,0
39072,26892,0
2791,15306,0
13400,66612,0
36581,2283,0
35390,38657,0
33984,51928,0
26163,37398,0
7055,38001,0
32915,45673,1
26406,48936,0
51584,47054,0
2527,1543,1
19345,56476,0
51908,25664,0
6978,10261,0
11459,57871,0
35911,50358,0
10803,64004,0
2276,61094,0
53433,45205,0
47373,66733,0
18121,3488,0
7829,50168,0
18127,43157,0
42006,29092,0
14032,16591,0
54842,28904,1
38894,12023,0
14411,9627,0
32685,37108,0
29282,7128,0
46822,56267,0
44282,9098,0
18478,7679,0
9353,18623,0
50318,8079,0
14552,47752,0
37446,60968,1
23443,9529,0
30452,41303,0
42672,64500,0
55941,6753,0
27046,18567,0
7360,59431,0
28353,20051,0
39078,13433,0
33801,50073,0
35730,43627,1
19959,56519,0
41288,30176,0
8238,25293,0
7258,1219,1
43186,19863,0
13524,65303,0
1863,1682,0
20226,1008,0
37962,67170,0
30157,47680,0
7760,35142,0
6322,61024,0
2782,47326,0
27642,58438,0
7841,4428,0
45126,5744,0
48156,8504,0
30718,16948,1
40819,57101,0
39160,55145,0
14081,69060,0
34183,56793,0
48127,58670,0
8251,69882,0
6246,3414,0
12710,27338,0
30518,49207,0
15542,6987,0
46461,7080,0
47896,32990,0
34963,26368,0
1602,8800,0
25133,31211,0
49439,15625,0
10676,23096,0
231,18395,0
13314,62641,0
36711,52763,0
43575,37939,0
38433,55986,0
26938,58322,0
24245,25819,0
51589,55811,0
5598,48066,0
41712,64510,0
8931,17914,0
24676,28360,0
11487,44476,1
9266,17115,0
8368,10221,0
41727,56421,1
51890,2228,1
46504,14959,0
26161,19943,0
40449,14781,0
38484,35691,0
20984,41121,0
38634,43434,0
40439,4160,1
35639,4940,0
42568,41331,0
13956,28829,0
27600,18795,0
50685,4532,0
21369,32096,0
21001,28382,0
39580,28283,1
2004,21863,0
51007,20870,0
3007,68471,0
27953,53901,0
29357,31356,0
3422,37563,0
10121,5382,0
53570,2081,0
15938,4919,0
4775,50348,0
11299,11734,0
17411,28161,0
49677,30808,0
22468,20666,0
46069,37226,1
35020,43046,0
29343,13570,0
7324,19258,0
53247,7384,0
7678,23991,0
250,56849,0
3785,60860,1
35073,58543,0
27479,58010,0
36732,45249,0
2793,16764,0
20928,37047,0
40154,47333,0
12172,14584,0
37589,66322,0
37516,24103,0
51070,8678,0
51950,7885,1
26982,19052,0
26422,17467,0
27017,19451,0
12465,56923,0
30968,41941,0
26969,46439,0
18188,17651,0
27393,5240,0
38589,15118,0
50608,41117,0
51061,25446,0
51903,35766,0
14750,9147,0
45225,46551,0
49199,16611,0
25730,64681,0
30440,53059,0
37351,51005,0
24372,60843,0
7379,17181,0
39403,29403,0
40945,13285,0
6225,60206,0
12557,46007,0
41823,65402,0
45229,13853,0
9056,18370,0
14076,11291,0
10915,25236,1
39344,54438,0
9618,10967,0
45121,43242,0
48279,34363,0
14499,7494,0
341,29975,0
25486,64728,0
36371,10642,0
23058,4038,0
19948,7939,0
70,36903,0
38621,25712,0
13857,24168,1
7881,42117,0
33599,33670,0
41530,63901,0
11097,13241,0
24201,63624,1
32224,24305,0
26065,36470,0
54276,48009,0
21056,55688,0
50422,9295,0
5828,36387,0
42592,28405,0
9141,35373,0
3986,56057,0
27871,26403,1
20261,6603,1
10371,16489,0
42155,39780,1
8659,13483,0
1689,18141,0
47703,16368,0
10604,60000,0
19038,56615,0
47980,12287,0
42650,38603,0
47721,57499,1
53531,29307,0
33850,50734,0
655,23072,0
25956,5434,0
11711,61487,0
7080,59742,0
38593,20297,0
25477,39742,0
15871,57913,0
14558,4676,0
22876,52788,0
39240,5832,1
14019,14301,0
52450,6207,0
22411,33987,1
2867,16507,0
20925,35696,0
35484,25817,0
28573,65040,0
13139,59412,0
49215,64258,0
44531,56100,0
15757,62919,0
39047,64173,0
7680,7480,0
2863,18652,0
44832,16771,0
45969,41294,0
38017,36460,0
13132,23548,0
37668,9445,0
9195,24705,1
38171,24140,0
32914,1213,0
26858,30407,0
18446,29564,1
16377,53011,0
32511,38192,0
8239,51268,0
36817,16998,0
44280,63982,0
25116,6491,0
54220,68280,0
51466,24593,0
9169,20941,0
54907,18463,0
109,55656,0
47154,59347,0
49742,8611,0
42054,27051,0
48935,37029,0
29885,27212,0
36991,32294,0
24155,43524,0
16033,62742,0
25940,44695,0
4407,3975,0
47617,42341,0
42799,62186,0
26486,7438,0
20759,45454,0
32106,50039,0
15158,19802,0
37655,50884,0
1638,2213,0
52504,26301,0
34669,55343,1
6347,25905,0
17063,40645,0
39586,29076,0
1954,59580,0
35720,40330,0
32078,57864,0
43040,27230,0
33508,10061,0
42391,45102,0
17366,61451,0
35784,46809,0
2116,66807,0
54147,56252,0
6769,68668,0
51878,36794,0
41882,43892,0
15480,48950,0
5377,64811,1
43959,43997,0
37816,39846,1
21194,616,0
5792,64876,0
37457,59754,0
45355,60651,0
2330,46607,0
19809,1142,0
49365,66396,0
36141,25511,0
19130,67212,1
4196,30726,0
21027,67607,0
49595,31798,0
27622,33078,0
4246,6763,0
11250,1443,1
30163,33689,0
38828,5319,0
25527,18178,0
24375,66896,0
41497,62065,0
45688,57426,0
13059,4338,0
42526,35685,0
5990,65064,0
48879,34831,0
26247,12130,0
34495,53649,0
5823,11879,0
16671,6445,0
40991,16673,1
11941,45154,1
54419,43178,0
17280,47657,1
54817,3391,0
4461,49707,0
54187,58513,0
4057,59808,0
754,33045,0
144,36198,0
31525,6288,0
10221,51965,0
11041,13336,0
11875,56019,0
15101,53360,0
9553,5046,0
36315,61408,0
34776,18496,0
33671,24207,0
22138,22771,0
9869,1520,0
49130,6878,0
10324,48734,0
1430,1198,0
50280,22944,0
33429,41773,0
35075,39949,0
41369,50388,0
44573,47626,0
21241,33881,0
46884,31580,0
34664,66579,0
32640,59091,1
54043,21092,0
40672,21939,0
35833,60112,0
24635,5384,0
16469,18331,0
49665,55638,0
3116,20901,0
279,34741,0
22037,32660,0
28816,53258,0
34106,39500,0
50900,5817,0
11275,26885,0
27118,32179,0
20712,9076,0
14518,62453,0
45726,36960,0
19364,10695,0
7422,18785,0
32139,59675,0
26444,58008,0
45699,61049,0
28736,17917,0
42908,25098,1
5715,49026,0
62,46905,0
22393,43205,0
33889,12575,0
43808,58983,0
17768,60140,0
52033,588,0
11483,51327,0
35244,38264,0
21069,5157,0
1121,46433,0
53308,48961,1
23842,20346,1
46275,52604,0
49070,21817,0
44798,37628,0
44622,9089,0
47537,66406,0
53239,38630,0
37247,17671,0
24050,54024,0
7687,786,0
1426,64205,0
295,29390,0
16714,45802,0
45506,17350,0
36217,69488,0
23891,41691,0
53418,44488,0
22091,30274,0
30747,67531,0
45923,30522,0
43520,715,0
38795,4238,1
42972,21241,0
10453,14406,0
13670,46678,0
14657,47378,0
29133,29951,0
29836,53241,0
19077,23975,0
11396,1681,0
50429,68566,0
16419,34544,0
52490,43523,0
17683,33530,0
8473,50811,0
2084,21759,0
48017,36936,0
33567,43583,0
43639,25583,1
21412,5747,0
12415,19410,0
30360,12694,0
5866,65569,0
11967,34551,1
36612,23216,0
16969,44089,0
26912,40736,0
8171,36859,0
28969,58514,0
399,42572,0
44341,69509,1
1463,38390,0
11458,55830,0
10445,13060,0
27427,61800,0
19722,10587,0
16790,18984,0
36424,6845,0
39018,37539,0
30582,18858,0
38746,27914,0
21579,56784,0
10476,62614,0
23998,4161,0
2742,13969,0
24257,59466,0
42216,30286,0
17047,31935,0
18266,64524,0
14073,33257,0
10465,51536,0
20153,30780,0
26670,3499,0
24079,3567,0
36516,1095,0
43372,8632,0
37880,47177,1
22336,20575,0
40254,22197,0
55263,42209,1
30599,36572,0
10075,24674,0
42206,31289,1
22156,45281,0
40061,51271,0
28532,49006,0
4139,37954,0
2305,36311,0
28972,12440,0
9961,53385,0
23458,27490,0
2434,30284,0
21798,47537,0
16129,62817,0
49446,32107,0
23006,67918,1
7984,39840,0
10810,52647,0
2133,23454,0
46993,60483,0
54348,49456,0
48376,25898,0
39009,23497,0
12005,41474,0
19753,54963,0
30334,61948,0
31491,48893,0
38537,55881,0
55531,45397,0
30803,21698,0
33090,66827,0
4408,25663,0
39528,10051,0
10044,59549,0
42844,51205,0
18453,16913,0
51969,49095,0
12897,36205,0
26492,49756,0
6687,53731,0
34685,64518,0
25950,40534,0
29026,2871,0
35987,15028,0
12986,22006,0
2225,63875,0
21512,8445,0
44651,79,0
12648,32865,1
35563,31031,0
43719,26998,0
1162,10006,0
55018,47876,0
22385,31365,0
51881,32989,0
42952,61656,0
46311,15715,0
30855,65666,0
30950,41,1
53196,29851,0
37585,40320,0
40847,68714,0
22384,58338,1
24823,1436,0
38930,45770,0
22954,1512,0
42128,40704,0
1443,42805,0
15602,3299,0
18012,49396,0
21171,38213,0
22573,48725,0
52714,14910,0
920,29213,0
47368,20858,0
36507,579,0
23716,50411,0
21505,63332,0
34734,69686,0
17162,59772,0
27639,54667,1
21073,6589,0
47384,6058,0
42837,54154,0
13980,29860,0
45556,30121,0
11876,4592,0
10064,7396,0
16582,68624,0
45817,49885,0
26587,53660,0
5235,62552,0
2174,14899,0
23754,9270,0
42888,33882,0
1671,1998,0
8925,56307,1
38841,1118,0
20624,4303,0
26834,17502,0
28689,60377,1
39738,29023,0
15399,20033,0
26822,12071,0
46742,20803,1
51224,16574,0
36131,35519,0
51792,1514,0
18500,46864,1
45378,48528,0
26198,41475,0
37373,9289,0
36825,44041,0
23158,35771,0
38341,17708,0
1911,41344,0
32366,505,1
9694,4362,0
17479,16877,0
6059,52514,0
51319,46884,0
47635,54362,0
19876,40992,0
22283,21096,0
25472,24053,0
41824,18201,0
35974,22856,0
24321,19030,0
18285,41486,0
50381,63643,0
6194,54300,0
6888,10602,0
13651,54854,0
45711,12670,1
5324,63952,0
44787,29396,1
19035,41802,1
18145,37402,0
3813,48016,0
25268,48643,0
32310,8534,0
8668,65931,0
4605,18962,0
41244,35795,0
4310,35296,0
53631,3080,0
44658,3783,0
22636,19076,0
52972,55309,0
20204,18759,0
31916,38995,0
26752,30836,0
48054,4315,0
4523,46783,0
24764,5154,0
16071,3348,0
44771,27926,0
30065,37194,1
6972,22884,0
13066,34863,0
41507,19078,0
20987,35034,0
43132,10799,0
10499,58172,0
44783,56869,0
40054,40685,0
52195,44733,0
4148,15832,0
26753,15673,0
37506,21200,0
54281,57162,0
47393,62467,0
18828,37,0
40789,14549,0
49461,36753,0
26482,60923,0
4330,36916,0
20277,67807,0
39388,16357,0
353,36186,0
54243,30024,0
36786,49035,0
15118,50233,0
756,56191,0
26839,42533,0
38288,39199,0
46222,4938,0
21046,30918,0
30332,5991,0
609,47216,0
39772,2689,0
9441,8592,0
16109,46144,0
21958,65230,0
39401,69890,0
49174,61400,0
28189,6046,0
41370,35496,0
39827,36242,0
44176,11593,0
24727,65987,0
22081,24162,0
45110,43217,0
47642,46533,0
11632,32402,1
44778,31716,0
33010,25751,0
27255,38203,1
3798,58615,1
6388,38561,0
46554,69189,0
38797,44471,0
17224,61850,0
39539,29722,0
24674,32538,0
14527,68584,0
55890,15451,0
45320,642,1
32715,16365,0
52129,53017,0
34543,50714,0
8331,60944,0
55160,35919,0
2532,40935,0
18465,30448,0
31237,32389,0
11860,18279,0
27270,64641,0
11947,69573,0
4303,50874,0
18785,17591,0
30076,55152,0
1687,28374,0
6496,39487,0
14697,41062,0
6522,61302,0
26794,23720,0
15612,13826,0
22143,68839,0
19273,54229,0
48205,62399,0
32589,17049,0
9059,46015,0
16577,52970,0
17853,9573,0
16808,10994,0
29706,68227,0
26397,38298,0
18856,65213,0
22215,40674,0
1291,28978,0
26904,38870,0
47871,68785,0
11594,47072,0
49548,39029,0
27625,22533,0
27231,14823,0
29184,18065,0
44592,4154,0
32062,16,0
1226,10626,0
48352,7623,0
18169,8008,0
55953,42832,0
14982,21172,0
31754,60167,0
45207,66646,0
52807,13801,0
15230,18706,0
54808,61207,0
46932,17630,1
17391,60929,0
43316,45658,0
33942,18281,0
35928,19944,0
51382,10797,0
52779,63882,0
46941,63485,0
46441,48083,0
24663,28411,0
33164,21477,0
10894,26326,0
13342,62639,0
29215,9235,0
47450,10118,1
22905,58976,0
4980,13537,0
40904,48660,0
17348,17304,0
33994,4916,0
37411,69802,0
41702,24925,0
12066,41206,0
3220,161,0
37602,62286,0
28713,19598,1
24666,51708,0
22287,62555,0
44880,35940,1
10814,55943,0
9384,11598,0
36198,56609,0
18668,44090,0
32495,63253,0
39799,35765,0
43860,12957,0
6993,66145,0
23994,41820,0
41826,17534,0
15692,42239,0
5872,59048,0
28338,12711,0
13287,41307,0
22808,42976,0
32325,7425,0
15145,23851,0
40395,69017,0
50495,22926,0
49228,27079,0
35789,35008,0
55473,64214,0
28697,54506,0
43035,41023,0
40571,42931,0
36570,37470,0
4215,68082,0
28193,14004,0
21993,47145,0
37171,47327,0
38200,61706,1
43747,1078,0
4214,68490,0
28209,12838,0
11402,22705,0
17089,2048,0
8452,23033,0
13289,60574,0
19438,26142,1
14000,21940,0
18831,9169,0
13959,9710,0
45520,28763,0
40052,32390,0
33354,57651,0
20868,24425,0
9194,9745,0
33888,22741,0
771,19484,0
40471,9692,0
26373,47852,0
46522,64489,0
45742,57016,0
18210,48173,0
38344,69314,0
13179,5295,1
20861,66300,0
2731,36583,0
39712,29652,1
2646,66830,0
24304,59718,0
43462,36211,1
48760,21126,0
28928,9182,0
31522,55021,0
26791,6731,0
4202,5922,0
28051,32811,0
10657,37674,0
30695,36406,1
38760,69597,0
8550,63808,0
47065,67464,0
47070,60505,0
20933,52241,0
28826,58342,0
49029,64057,0
21842,14306,0
646,41754,0
8993,23077,0
19261,66022,0
34683,67781,0
20701,46134,0
50035,67233,0
39780,39159,0
25075,24483,0
1697,19521,1
41655,10359,0
512,57361,1
10945,20825,0
12322,45907,0
15452,28335,0
23025,68894,0
8279,59789,0
17698,9640,0
55037,40702,0
47593,13456,0
994,47584,0
37903,44849,0
51481,17086,0
27743,57135,0
46776,60864,0
16703,66298,0
19373,30819,0
20089,59113,0
52181,17013,0
37995,66332,1
4233,57197,0
4181,8007,0
50598,53234,0
6424,13836,0
27951,17701,0
20296,56868,0
46704,1793,0
15780,4119,1
4280,35112,0
11527,50386,0
5638,60459,0
41273,56509,0
55826,47539,0
39547,10337,0
8035,36262,1
47290,18779,1
51784,43163,0
29890,68984,0
24675,28041,0
45757,45161,0
39632,44369,0
51975,66235,0
12233,7531,1
24799,58226,0
11753,69111,0
50873,8789,0
50240,46941,0
21766,45518,0
11617,39206,0
149,41660,0
423,64771,1
35043,43179,1
10955,5931,0
26552,17341,0
31530,47780,0
20685,32649,0
42778,4417,0
50443,10171,0
36753,56540,1
40255,20807,0
12000,9011,1
18224,8180,0
5146,11141,0
7672,37708,0
3504,23587,0
20787,66983,0
49339,9187,0
25504,6358,0
30961,4907,0
36757,6423,0
20018,22435,0
43095,63167,0
33068,7346,0
33136,14865,0
28323,25105,0
11186,59047,0
26100,17166,0
2055,50113,0
198,68674,0
23257,31760,0
1448,3556,1
48967,48149,1
28423,7836,0
3931,61364,1
5733,32997,0
36699,5555,0
24499,30205,0
10823,24367,0
17518,3753,0
14148,12321,0
38617,3866,0
53999,67373,0
31260,10859,0
32905,31318,0
28254,42617,0
34132,26339,0
19590,48321,1
10941,53873,0
39215,63452,0
34941,18032,0
6747,31124,0
43494,10476,0
43801,85,0
53841,43835,0
12728,26961,0
44342,64352,0
49863,23887,0
30726,1981,0
46951,37991,0
17295,59415,0
43338,48394,0
37636,50699,0
14788,51483,0
27473,28043,0
8321,53260,0
24659,7120,0
40396,18238,0
3441,24314,0
5836,63677,0
24481,31775,0
6995,45851,0
30710,66004,0
12790,18597,0
36589,65244,0
53207,11694,0
12498,59714,0
5931,41966,0
40330,20350,0
4519,12859,0
27252,46367,0
40691,61545,0
19545,37114,0
48396,12592,0
19617,30890,0
46690,54271,0
18861,23085,0
51109,22791,0
20088,32195,0
2030,8793,0
11400,15975,0
20052,65805,0
10949,27928,0
18106,40027,0
30756,20419,0
13685,3535,0
29285,67780,1
53309,912,0
10630,49438,0
43191,32708,0
242,22446,0
5633,39249,0
52288,69918,0
3253,48150,0
33943,50074,0
35412,31238,0
55903,38588,0
3539,15277,0
32165,30076,1
16610,29499,0
2652,675,0
30882,26665,0
38227,29442,0
28493,15471,0
37507,16678,0
27970,52595,0
3290,56234,0
54370,608,0
50277,33526,0
51639,19532,0
5308,56076,0
40620,57221,0
36010,30334,0
4362,46,0
53249,48774,0
12950,28998,0
53361,22345,0
48976,38094,0
6925,56136,0
40020,13608,0
34124,55307,0
15880,10725,0
10592,66932,0
46272,42355,1
24513,10156,0
25065,24866,0
6184,28304,1
12758,37871,0
34662,50754,1
9197,55773,0
31906,20359,0
16604,49254,0
26927,28934,0
34982,64259,1
27259,69940,0
51026,7288,0
2900,51085,1
28070,34883,0
31196,12496,0
158,34688,0
13297,35487,0
41189,38631,0
31123,31681,0
54280,36951,0
17663,41641,0
6262,54579,0
20467,63074,0
32068,6551,0
37209,12394,0
13911,5865,0
11730,30688,0
32804,68549,0
37922,35619,0
14938,36038,0
47518,27732,0
17802,345,0
30018,55696,0
24720,20704,0
3700,19853,0
35015,18340,0
21877,9225,0
322,22638,0
5294,7747,0
26695,37929,0
31060,56595,0
31439,8397,0
5411,24260,0
40713,11250,0
1357,5573,0
37028,36323,0
46134,2820,1
27908,2141,1
50486,49202,1
14446,3305,0
31614,635,0
36161,15414,0
28828,47587,0
17643,54310,1
25440,1699,0
32950,41288,0
25758,45514,0
20716,23897,0
25753,4292,0
37559,31800,0
14763,48727,1
24337,60466,0
30422,54519,0
5955,53368,0
4469,2277,0
50536,54766,0
7096,21780,1
31078,47226,0
10254,63448,0
817,58552,0
39342,23422,0
34240,3942,0
43383,14845,0
1850,25059,0
5625,23953,0
28980,56461,0
30837,55228,0
16895,18245,0
13438,41420,0
47066,65461,0
20795,28819,0
15033,34160,0
4914,2410,0
53008,52687,0
39066,34261,0
6392,26871,0
38045,8500,1
32423,22353,0
3305,42366,1
5298,7729,0
24108,41894,0
2385,61200,0
41209,55417,1
7891,57551,0
4256,12842,0
26887,21008,0
32341,26951,0
5215,21641,0
10907,18826,0
42694,1692,0
16839,23268,0
44349,56838,0
28738,64312,0
54661,29546,0
4817,39046,0
9584,62246,0
37059,65598,1
35702,44438,0
17582,59800,0
41259,55182,0
28147,16747,0
4995,160,0
43913,35758,0
51369,323,0
23273,5662,0
32057,4032,0
10134,29845,0
13970,67443,0
21616,41557,0
27489,18259,0
15307,53335,0
2813,9551,0
9936,60583,1
20416,64462,0
52379,34463,0
30376,31381,1
31888,57140,0
41318,69110,1
43474,38438,0
42656,50256,0
26682,16146,0
29584,4675,1
8939,43853,0
17792,34009,0
34974,57735,1
47240,45523,0
9598,39473,0
10544,44192,0
55413,13970,0
32027,42349,1
48862,56195,0
29012,47392,0
54594,25240,0
45363,31639,0
24344,57163,0
12692,68401,0
33524,44322,0
30293,1207,0
32802,9243,0
25943,23097,0
39070,11420,0
43371,56010,0
35824,31706,0
24769,53212,0
40250,62123,0
23628,63449,1
25354,63313,0
4058,61032,0
45030,33932,1
17703,14282,0
7126,35648,0
14006,33903,0
52762,22503,1
24004,8726,0
32676,30641,0
32697,9072,0
10166,15367,0
35084,63605,0
30639,35426,0
48769,47415,0
30767,68716,0
55642,24253,1
40682,31655,0
43660,55315,0
6417,51552,0
22544,39855,0
4459,2962,0
53119,58012,0
47121,13514,0
1045,37347,0
38291,42330,0
35726,33085,0
48362,33761,0
1876,55555,0
39518,1866,0
28471,50922,0
24237,28963,0
32296,60444,0
26642,19890,0
20361,10527,0
3462,67370,1
13625,49293,0
53257,50341,0
25295,30064,0
42415,69403,0
23198,28700,0
35593,17969,0
26314,44557,0
30637,45645,0
25626,22281,0
53899,45875,0
29644,12733,0
3994,19663,0
36241,38681,0
7335,2004,0
50150,28275,0
35980,36811,0
5762,58925,0
12708,29065,0
5010,1509,0
26988,22091,0
42997,10075,0
37881,11477,1
19011,35068,0
7858,25840,0
15045,25641,0
55848,26174,0
43010,55996,0
32545,55969,0
5455,26048,0
33075,16450,0
15107,13474,0
27630,51719,0
27697,10673,0
49912,37493,0
9389,28310,0
52707,27771,0
43772,11484,0
6802,28803,1
2372,26472,0
28751,55950,0
12370,30295,0
13337,57309,0
7530,63492,0
50044,48568,1
34384,427,0
13290,25924,0
46126,66614,0
1012,38279,0
22819,21372,0
46317,50454,0
3023,22222,1
48266,7134,0
28815,31619,0
6381,9607,0
7268,26035,0
46614,62189,0
40346,29303,0
29828,16208,0
12759,29897,0
41404,28959,0
15469,65384,0
23972,10419,0
54139,49853,0
52902,68914,0
71,58208,0
29658,24723,1
4783,62720,0
12487,47508,0
45737,69843,0
44708,60971,0
12551,1383,0
33219,51468,0
4504,67706,0
48721,68090,0
11178,50817,0
7411,2090,0
51147,24282,0
15724,53422,1
37645,68449,0
49226,1134,1
11713,16316,0
28397,50637,1
14513,7195,0
20066,62326,1
37724,5247,0
49773,8838,0
6576,39574,0
27174,55520,0
30545,28044,0
32365,19849,0
27055,56861,1
2188,66892,0
41478,59234,0
33592,37473,0
49931,29040,0
25249,12953,0
39723,43244,0
32451,15116,0
2325,2641,1
7183,7688,0
38443,2203,0
26712,13130,0
20635,28916,0
13396,45041,0
55218,19059,0
7234,37756,0
34770,45302,0
15632,57236,0
13192,67353,0
21724,49023,0
37095,39758,0
18572,28837,1
21104,59118,0
35889,51504,0
625,14717,0
51408,39683,0
55684,18453,0
20363,33343,0
46061,56368,0
33602,31126,0
6628,32495,0
23231,44252,1
29276,21177,0
19740,60631,0
9836,35856,0
20090,58591,0
32688,9748,1
33802,57950,0
16573,52185,1
26051,16188,0
47458,53822,0
4585,6539,0
50095,12101,0
32200,32283,0
36206,67950,1
3806,49780,0
16051,8654,0
40258,33539,0
31865,62479,0
46869,48949,0
55588,37010,0
22617,6430,0
8465,4496,0
5677,51247,0
48997,6860,0
30633,5483,0
9062,24582,0
43236,18393,0
26983,64383,0
22647,37283,0
39797,34301,0
42976,18376,0
45282,26611,1
48029,50467,0
758,40598,0
46859,57003,0
7673,55567,0
12443,20164,1
4982,5234,0
51255,33259,0
36780,19554,0
11472,69520,0
11521,32930,0
39815,7716,0
46803,17462,0
55567,19219,0
29142,16107,0
19597,32084,0
49614,59795,0
44615,411,1
12193,35108,0
54365,52696,0
23452,59806,0
37891,14038,0
48132,21202,0
18138,16570,0
29924,44462,0
37379,13253,0
18905,35343,0
8543,45786,0
45749,4570,0
8113,65372,0
4193,51070,0
39158,36363,0
54174,20507,0
29625,45796,0
51030,49651,0
43122,36969,1
25098,19491,0
17298,2701,0
41682,18081,1
14771,9980,1
13723,30575,0
4455,27931,0
5795,10795,0
5264,54098,0
34284,58225,0
21397,45300,0
4351,17586,0
43488,63935,0
53872,13686,0
24814,14651,0
41923,35734,0
12736,25546,0
8781,27014,0
52152,61526,0
11799,17409,0
15420,42257,0
50671,58101,0
33733,6675,0
29463,40746,0
27450,69635,0
2902,60970,1
36031,5332,0
11708,50524,0
22204,47374,0
41558,37659,0
9590,62749,0
41499,5424,1
558,39963,0
19081,6730,0
11570,62901,0
41598,28616,0
29842,19546,0
41828,38538,0
40820,35174,0
36658,62725,0
39250,45539,0
4199,25386,0
20613,22413,0
43192,62671,0
43794,55394,1
21562,66012,0
48860,40754,0
23338,11118,1
1480,24429,0
53862,60437,0
9008,59127,0
22311,69224,0
17155,9063,0
2156,16182,0
39970,15640,1
31136,16348,0
40792,66108,0
33680,20738,0
40021,63050,0
2554,44415,0
50766,10631,0
41232,11230,0
51277,16291,0
34013,21473,0
17599,57986,0
7653,3748,0
9242,4965,0
25858,2328,0
45708,7272,0
44788,60008,1
836,22770,0
55816,58212,0
11107,35881,0
11380,56202,1
43560,13329,0
25655,900,0
32902,57435,0
45297,59054,0
34402,787,0
14143,43091,0
2514,57185,0
24147,16837,0
40842,36338,1
18585,45628,0
10930,7371,0
48859,15500,1
745,35877,0
54690,6625,0
54500,62987,0
27363,67159,0
29419,35966,0
50268,46152,0
14624,33824,0
14085,21107,0
3036,55741,0
22198,10350,0
42183,573,0
1682,66616,0
17649,24763,0
6915,54841,0
22136,39163,0
25915,39459,0
24461,46302,0
55746,27291,0
46789,42006,0
12252,60803,0
33239,8893,0
16861,47694,0
20283,43585,0
46494,55485,0
3252,55266,0
42096,1413,0
49690,14094,0
37722,26198,0
13022,25615,0
10085,51020,0
13367,57786,0
1343,8075,0
47815,39757,0
13571,9008,0
46221,6659,0
6892,12485,0
22872,55840,0
53034,20732,0
17549,62731,0
24385,32513,0
8443,16094,0
55221,67593,0
12528,9353,0
13325,67004,0
13927,61579,0
44228,51804,0
39997,16204,0
18238,38262,0
21165,26069,0
413,14214,1
32633,27063,0
25050,33294,0
39658,10530,0
50452,34941,0
38715,53092,0
45376,31492,0
14339,18389,0
12783,24941,0
7624,50214,0
11746,10661,0
14488,1313,0
42811,24380,0
53021,40520,0
42911,19304,0
28479,69547,0
12263,1498,1
50237,6912,0
37050,47138,0
11438,28115,0
17210,35407,0
36384,68580,0
46961,63479,0
40898,17982,0
31197,1402,0
45660,61196,0
2755,6923,0
1377,4464,1
23900,38289,0
41531,53376,0
55294,30428,0
55060,24452,0
21835,21110,0
7325,20745,0
42426,52290,0
32871,38478,0
6850,26582,0
28381,6145,0
51314,52512,0
9170,55379,0
35695,5298,1
35304,7700,0
20610,57951,0
23307,69252,1
22070,33059,0
53468,46713,1
3022,34913,1
29271,26172,0
27322,34920,0
2927,60692,0
27896,59483,0
52538,11289,0
21124,32282,1
26374,2855,0
48041,39125,0
47812,55546,1
17123,33360,0
43729,29195,1
19217,62107,0
39484,52792,0
34045,819,0
40671,60117,0
15013,38598,0
20231,62791,0
9932,26431,0
39092,42921,0
43381,57502,0
42967,17380,0
24905,43056,0
10989,26336,0
15944,57624,0
39903,55756,0
39119,31722,0
15208,10090,1
28676,53707,1
36061,54115,0
25750,49768,0
41780,50234,1
49014,16386,0
24411,29345,0
50703,45575,0
42794,41385,0
48326,4333,0
55555,14596,0
55074,44032,0
54784,27116,0
49528,47743,0
10243,24386,0
15837,50109,0
40776,38513,1
54396,43448,0
6848,43709,0
23873,36837,0
18621,37221,0
343,27961,0
49253,47598,0
16072,42299,0
40428,28869,0
22864,53102,0
33962,33470,0
26117,18051,0
3714,33808,0
29013,13540,0
24273,24644,0
30584,54789,0
5389,26825,0
43635,44424,0
44946,53222,0
29043,67015,0
31777,10179,0
33009,24963,0
12216,20326,0
28521,17512,0
37561,42715,0
35578,12248,0
15302,6938,0
12691,10020,0
51897,30113,0
10054,35851,0
13814,5898,0
14533,9560,0
1503,47533,0
20628,45825,0
11806,20524,0
42337,1377,0
49818,65478,0
9561,51422,0
22655,35046,0
8180,16896,0
22710,4709,1
39095,69014,0
53500,19199,0
51781,8417,0
30398,33915,0
48117,56405,0
27057,35250,0
54245,16831,0
52959,38273,0
28480,56524,0
50146,56072,1
14044,862,0
39814,41386,0
25353,40541,0
49884,2406,0
16483,38694,0
10890,47019,0
37508,24297,0
27578,62456,0
51465,34802,0
37625,55659,0
10609,63702,0
47356,67202,0
21211,14567,0
12791,64921,0
41535,54494,0
28681,21625,0
49347,19905,0
40539,61208,0
28776,59014,0
17115,54971,0
23974,46721,0
25435,21183,0
4844,1717,0
44286,6323,0
54194,50735,0
2313,49097,0
46130,21706,0
13124,64523,0
6946,6117,0
24801,7301,0
19210,56137,0
3831,32826,0
40374,3731,0
45290,41155,1
14998,701,0
48289,16820,0
47970,62696,0
1720,68456,0
45686,49968,0
1092,52633,0
12936,14956,0
7918,36598,0
17436,26727,0
15359,35477,0
53395,28645,0
28079,55032,0
54373,57359,0
46174,57559,0
33540,20714,1
49332,46613,0
20937,46726,0
26903,46869,0
8570,30473,1
2825,51044,0
53031,27298,0
48757,26419,0
8889,56293,0
31930,68183,0
297,35200,0
26692,36107,0
25806,19901,0
20631,400,0
31184,8883,0
36422,9387,0
10241,14263,0
48943,61930,1
7356,11854,1
41407,36393,0
17163,21956,0
4335,46929,0
26236,63057,0
19681,61898,0
13312,68620,0
5864,45411,0
13709,49896,0
44404,58545,0
55508,37280,0
55251,9567,0
35406,31613,0
3401,55094,1
14661,49357,1
21420,60208,0
53332,27981,0
19704,19241,1
42196,10576,0
7831,61095,0
6748,53161,1
23679,28057,0
6420,27636,0
31154,45791,0
41057,30857,1
46610,23951,0
49837,60576,0
37748,65444,0
27406,19518,0
6056,28723,0
38056,69487,1
9981,69799,0
3230,33079,0
53174,19094,0
24534,49050,0
46928,23710,1
13558,52017,0
50877,42643,0
3976,20885,0
30681,1404,0
5459,40782,0
44514,46936,1
32572,4307,1
41084,58406,0
53630,38507,0
26066,51880,0
8343,32578,0
40762,19031,0
32884,51520,0
1077,38915,0
38792,29750,0
24195,47231,1
33446,60780,0
22569,69884,0
7365,12758,0
49554,45677,0
45362,53470,0
3000,24817,0
8760,20521,0
17510,48907,0
11541,43720,0
15199,46679,0
50824,54203,0
9736,47879,1
45053,20020,0
34614,28167,0
28944,62347,0
42176,36044,0
17026,56012,1
12481,44179,0
23028,16195,0
42766,30109,0
26403,52876,1
34101,2615,0
24431,65337,0
55994,2536,0
49561,11126,0
31221,14840,0
39985,36239,0
53923,592,0
38103,8664,0
54450,45351,0
29874,59385,0
2417,23296,0
55969,63264,0
55650,50724,0
26150,23380,0
4120,23292,0
18216,14625,0
13701,55108,0
13556,43582,0
37590,33827,0
31255,27053,1
36816,27812,0
37444,29543,0
31220,19942,1
15854,64215,0
2829,44509,0
44488,25159,0
30214,64397,1
12542,42924,0
18494,1400,0
46021,67819,0
23785,38837,0
42276,37576,0
4865,18449,0
17531,60931,0
441,54740,0
24957,11541,0
16158,59131,0
31988,69104,0
40687,35510,0
8414,62666,1
25969,60566,0
21745,61782,0
18741,38108,0
195,26307,0
20850,39956,0
40129,25323,0
2705,36619,0
43147,28808,0
26803,66242,0
50963,15860,0
41959,22399,0
12796,22232,0
52212,13607,1
19402,40404,0
47640,29468,0
24330,50118,0
10146,4638,0
41591,7050,0
42159,19043,0
29944,68150,0
46091,38301,0
53677,69293,0
1470,54074,0
4559,69674,0
14880,13148,0
43612,9812,0
49330,18485,0
4071,31236,0
27291,46325,1
54124,9451,0
49389,25808,0
49828,25951,0
48958,43937,0
45393,37191,0
33668,10490,0
31,21601,0
10665,60025,0
46643,53334,0
48210,67265,0
30221,48249,0
15159,34410,0
26633,35594,0
23846,67923,0
30002,55133,0
51818,38267,0
1157,7185,0
14585,64187,0
29208,68425,0
16732,50043,0
16305,6138,0
34653,52030,0
42969,15151,0
41837,4789,1
12051,17360,0
3858,5,0
55133,6972,0
54255,69705,0
12858,52908,0
27001,29693,0
4745,9193,0
28674,34606,0
22893,56877,0
47005,36948,0
38365,2363,0
41860,57768,0
30071,18286,0
30501,18549,0
13469,30432,0
36662,29991,1
29570,36449,0
1788,21530,0
2740,44603,0
54223,17364,0
11029,52994,0
6427,50431,0
51635,16122,0
5908,13000,0
3876,24404,0
49247,51905,0
10801,18443,0
3433,6919,0
11478,44872,0
4034,5417,0
53991,8980,0
15179,11624,0
53190,60004,1
33609,63227,0
13904,45901,0
12792,35483,0
40122,45322,0
50167,67190,0
16115,4746,0
20912,25801,0
3161,3848,0
51108,19947,0
53345,41972,0
55159,60159,1
16247,8327,0
34944,11833,0
7078,5585,0
36521,47831,1
53041,5665,0
25997,60726,0
30153,28982,0
10734,42651,0
54803,27511,0
18094,29449,0
2081,55089,1
14829,17098,0
11599,20834,0
49964,16761,0
38788,64909,0
52170,19682,0
2087,63567,0
47784,61312,0
47273,31041,0
14240,9334,0
38730,52712,0
32193,41919,1
39170,16789,0
51750,16028,0
41158,51744,0
27149,11521,0
38004,26160,0
5685,38633,0
29130,2351,0
40919,31178,0
6956,35687,1
3296,49791,0
523,8856,0
35410,27929,0
47307,69619,0
9750,12362,0
7789,67081,0
41450,49761,0
5343,29471,0
38372,56037,0
44795,63761,0
35655,8498,0
8409,14642,0
29237,38651,0
28872,66175,0
38193,43061,0
33841,37812,0
29558,34907,0
35541,69525,0
743,35599,0
6676,27123,0
46983,64519,0
8586,54205,0
22193,24108,0
50419,34362,0
3068,47620,1
30053,46190,0
16812,55194,0
18107,66393,1
11281,26003,0
8231,68813,0
38162,4389,0
29633,17353,0
17797,40582,0
34410,17979,0
3759,53182,0
51492,46348,0
2676,8162,0
6585,34947,0
5130,48026,0
7779,14384,0
18670,8903,0
27717,7094,1
25828,53974,0
1930,45998,0
17775,31203,0
47334,65529,1
53411,23408,0
35780,51828,0
20340,10416,0
36605,14083,0
5046,28457,0
47739,43473,0
43380,8973,1
48779,5933,0
24013,56198,0
12340,23709,0
22779,48543,0
33730,48578,0
8393,3238,0
33920,49716,0
46029,67152,0
40249,2338,0
27062,47370,0
36742,5936,0
24352,42008,0
42667,23696,0
9986,20311,0
27130,14415,0
37302,55398,0
30145,61683,0
55285,56965,0
42897,50923,0
36642,9036,0
6365,69951,0
5923,50281,0
35536,32773,0
52567,26397,0
8648,5612,0
16275,10273,0
11092,34400,0
47158,63094,0
45831,69700,0
30789,20743,0
36882,44248,1
15127,52759,0
35166,11048,0
27294,14206,0
45404,23314,0
53721,48867,0
15949,42124,1
43522,9637,0
16053,45025,0
38577,43718,0
33133,10794,0
19791,16733,0
14493,66462,0
11429,33159,0
3610,42845,0
42463,21941,1
40913,1602,0
22799,52335,0
31564,1143,0
2464,38410,0
35869,33134,0
13114,33979,0
47247,15925,0
19227,4328,0
16749,42150,1
17192,68961,0
54232,24138,0
8057,6129,0
16707,7492,0
21023,24720,0
12969,59037,0
25686,61227,0
5540,424,0
14183,35436,0
11113,8102,0
10212,50423,0
52010,10079,0
46243,40927,0
12385,39337,0
31877,68232,0
37715,25165,0
46016,16244,1
13744,29122,0
22892,60695,0
29919,23718,0
20731,58997,0
36564,4660,0
34044,48335,0
7342,43281,0
47692,25036,0
19432,32344,0
37047,28307,0
55761,2502,0
45174,45406,0
27084,69718,0
5005,13722,0
25004,34286,0
9722,35939,0
44087,8100,0
17282,49047,0
640,47213,0
17712,9768,0
26906,6927,0
7294,40607,0
34567,6645,0
2875,3379,0
18661,23628,0
39558,61289,1
51720,39762,0
25073,62660,0
248,58228,0
34807,7210,0
9324,17335,0
6034,29463,0
54766,27813,0
24634,11021,1
23281,61617,0
29936,20485,0
27456,42527,0
10474,62917,0
5503,62290,0
26053,15265,0
29590,50000,0
53639,19699,0
13110,826,0
42163,31224,0
26064,41875,0
4816,61853,0
47371,16568,0
27739,9324,0
24984,62685,0
41536,8895,0
3607,43089,0
52334,9457,0
25981,43950,0
47229,60372,0
32032,67331,0
11010,49009,0
44963,37545,1
14354,4932,0
45974,27630,0
2624,29048,0
25558,41669,0
35756,47095,0
15384,2575,1
54466,33798,0
49295,3917,0
8850,1971,0
33738,21830,0
41848,38405,0
33177,39478,0
41992,33402,0
20839,31102,0
5354,10536,0
19973,37985,0
27754,38497,0
21218,64557,0
33906,36213,0
27704,58626,0
26961,50131,0
15388,68949,0
8322,33150,1
2211,51811,0
20318,3893,0
40463,5771,0
7519,39920,0
19080,14721,0
23044,32888,0
48488,53670,0
52389,18780,0
35332,5120,0
32515,29947,0
20367,66442,0
29637,10780,0
7544,14777,0
31861,49934,0
7153,31938,0
20668,14128,1
20070,1679,0
10163,37298,0
46814,43814,0
24688,21371,0
48703,57205,0
5553,2053,0
22392,48280,0
407,31512,0
47361,25722,0
37815,13787,0
38576,36863,0
27269,51652,0
2284,19940,1
50705,64011,0
14212,19763,0
50610,64067,0
16039,55641,0
24880,5274,0
53971,4223,0
20170,26042,0
1417,7831,0
35559,54460,0
9444,45670,0
54719,23256,0
49431,57977,0
23690,42369,0
8647,69421,0
42259,22754,0
21930,10738,1
3481,17807,1
52612,33730,1
10026,28328,0
40730,26774,0
25696,64873,1
36112,24636,0
13062,8899,0
11436,8319,0
29107,4955,0
54380,55242,0
34608,6873,1
19647,35314,0
16675,66975,0
15297,50710,0
13251,12112,0
8224,43761,0
37849,64647,0
50896,49536,1
18109,47372,0
6215,55942,0
8093,16373,0
3351,31368,0
9240,17610,0
32868,62439,0
27662,13211,0
51241,9695,0
13728,28993,1
7441,47728,0
44688,4641,0
22249,24112,1
15981,20651,1
35127,51194,0
26466,5532,0
48012,34678,0
5186,15058,0
12469,6450,0
30235,32016,0
55548,58350,0
19568,8074,0
10852,49708,0
55448,55529,0
17867,16460,0
44928,37035,1
8976,39953,0
36228,52580,0
3108,12417,0
8883,12384,0
33322,6722,0
19532,20273,0
48172,15388,0
862,63166,1
54254,37999,0
474,3944,0
32785,45312,0
29180,44831,1
4867,32834,0
37783,30678,0
13943,14009,0
37800,40094,0
5746,21716,0
214,31630,0
712,69856,0
41250,1272,0
33881,66785,0
18965,31382,0
47262,18222,0
1131,7532,0
52118,7248,0
51538,44976,0
54795,14987,0
7963,45657,0
5245,11578,0
31146,23202,0
24384,22193,0
38436,22081,1
25869,44808,0
52955,27633,1
6810,22951,0
46537,23938,1
53836,61602,0
5304,31631,0
53408,18998,0
9544,14963,0
8808,69679,0
23327,24325,0
21994,43297,0
27295,21247,0
44006,6260,0
6261,21943,0
8345,44444,0
20016,50171,1
31360,21327,0
42420,26151,0
7635,23434,0
54239,44841,0
41885,30926,0
52488,67899,0
49477,55537,1
3049,60103,0
6217,45257,0
38583,54940,0
49,31821,0
45196,45675,0
48599,9167,0
36871,47882,0
25900,2522,0
6529,54561,0
44169,31398,1
10628,44947,0
14343,43742,0
40144,27542,0
8022,11182,0
2943,63193,0
2337,69885,0
32645,26113,0
12690,33468,0
20174,58399,0
38439,14183,0
31034,2839,0
10092,62175,0
39871,32852,0
39721,63299,1
19913,66454,0
47954,25038,0
52499,4793,0
8365,31390,0
27191,35190,0
55097,69657,0
35039,34379,0
419,9754,0
35355,28909,0
5794,31240,0
32315,2834,0
26217,33411,0
33918,67956,0
53439,56400,0
14170,63688,0
42154,60563,0
18629,63947,1
55066,40838,0
3027,25952,0
10029,62371,0
52378,32520,0
3243,43957,0
46548,36151,0
37720,5040,0
13800,33836,0
29225,52540,0
18045,13755,0
31314,3798,0
36933,54207,0
40601,18990,0
43216,66460,0
4082,61905,0
25660,40182,0
25907,55648,0
16813,60572,1
16752,53823,0
53681,21306,0
37151,44580,0
28985,26706,0
9326,21977,0
51044,51474,1
34368,33063,0
52574,7041,0
7142,68636,0
40698,20935,0
18846,16915,0
50713,29101,1
32887,66788,0
37591,35106,0
3663,58948,0
22904,28284,0
42402,59818,0
8344,50096,0
6113,3027,0
38168,8562,0
22367,47947,0
10612,11832,0
47385,11961,0
26741,45168,0
30368,33707,0
17723,4559,0
25461,20404,0
22493,57943,0
55266,61894,0
27477,50488,0
1952,40958,0
50388,32645,0
29333,49738,0
16055,54292,0
50895,20545,0
6143,60327,0
37648,7726,0
37976,18686,0
32895,29965,0
33173,16832,0
45116,52375,0
5987,55402,0
15798,50649,0
36580,40691,0
52654,23185,0
55309,71,0
43167,34128,0
40022,54775,0
37307,13386,1
47031,43890,0
31790,12009,1
34163,10739,0
37740,44771,0
36459,37225,0
1057,62389,0
24420,1397,0
6923,4072,0
21603,35566,0
55499,44540,0
2799,3072,0
54972,932,0
46294,59498,0
15132,25550,0
40964,4810,0
49789,59360,0
27554,62918,0
32811,50975,0
51650,55780,0
52318,67432,0
48235,36316,0
39225,31078,0
7540,30645,0
14969,6842,0
53301,3512,0
17193,61029,0
54391,27045,0
54077,10467,0
29819,53472,0
52410,52397,0
49882,22221,0
20873,35191,0
1668,15644,0
45099,36486,0
50570,66335,0
27533,17612,0
40452,32857,0
52302,27288,0
31395,54364,0
34682,14156,1
34827,67783,0
23881,14332,0
4919,50888,1
6016,24538,0
36091,62650,0
12895,66963,0
41734,8091,1
29174,33524,0
50349,43778,0
51559,61303,0
10996,69167,0
53227,46353,0
6244,30516,0
13477,24638,0
3486,16834,0
34209,3096,0
2480,36861,0
51256,43177,0
26356,44814,0
25975,47701,0
354,41178,0
21667,34573,0
11342,56342,1
47909,47008,0
49953,19856,0
15639,51818,0
19785,39837,0
21417,21030,0
12102,48124,0
13534,5557,0
24445,30237,0
14495,46322,1
32336,8584,0
54088,9729,0
19036,3750,0
40836,47849,0
36237,22138,0
32178,581,0
25149,13162,0
10587,26281,0
33601,27226,0
29915,4081,0
15597,57040,1
8225,41176,0
47964,65228,0
10644,25688,0
41413,37245,0
47294,10819,0
41060,29096,0
38517,51862,0
37286,61267,0
18329,23196,0
17345,45504,0
46544,9869,0
52228,42454,0
32742,21124,0
35557,58975,0
41851,61893,0
40072,57993,0
3028,56021,0
12753,9913,0
28403,40476,0
35206,67904,0
23688,30621,0
38251,57057,0
26291,1249,0
5473,30103,0
41345,17826,0
14188,13295,0
17394,63127,0
52404,41886,0
28566,32155,0
19663,28547,0
15599,48108,0
4542,10372,0
14522,69842,0
30567,12424,0
36267,15906,0
55905,30701,0
50147,3702,0
24132,69603,0
31805,40917,1
42841,45476,0
31806,21536,0
22510,1690,1
15083,43398,0
37363,20119,0
14399,39213,0
50760,52150,0
6308,45594,0
45803,6671,1
9005,32576,0
50807,30740,0
42649,17111,0
36434,1115,1
47053,32145,0
50155,33112,0
39746,65184,1
13641,40079,0
12727,44921,0
24960,13251,0
20182,37721,0
17240,66390,1
30513,31157,0
22137,59583,0
55569,68310,0
4831,63861,0
38661,11429,1
53674,59956,0
19721,67310,0
40173,59522,0
42271,57008,0
28862,59809,0
31067,31066,0
6501,17243,0
1487,54796,0
31356,17011,0
14812,31057,0
6354,53827,0
42883,20629,0
28888,41870,1
5418,10624,0
24607,1162,0
29587,20383,0
38676,31710,0
4336,38923,0
11933,50305,0
52729,1268,1
28252,55680,0
18182,54777,0
32836,56745,1
48374,23940,0
18746,43900,1
39804,22538,0
28827,31910,0
19473,44568,0
51500,30986,0
9026,45592,1
49784,67619,0
37686,6932,0
3912,50498,0
41683,4434,0
14355,64092,0
23585,19752,0
37296,10344,1
42258,37253,0
5881,22999,0
53501,57719,0
32118,10297,0
29601,47709,0
34041,57708,0
53728,4847,0
28435,32410,0
9225,20328,1
25033,55473,0
43418,26984,0
26137,36391,1
1594,35152,0
17287,65057,0
10613,17330,0
44614,15104,0
46122,39504,0
2181,34115,0
13424,40157,1
11493,19113,0
28316,26378,1
41709,18186,0
7359,58006,0
7030,23197,0
50376,32243,0
26625,38085,0
42574,6175,0
41947,10376,0
37498,60702,0
32066,60480,0
55103,65887,1
11096,14657,0
20276,52383,0
52085,10990,0
38530,17443,0
51010,36639,0
35151,27153,0
12348,5944,1
45529,46368,0
43578,16800,1
53659,46107,0
26609,51178,0
6467,54053,0
30033,37903,0
38303,56246,0
25288,31500,0
40609,34952,0
25326,2770,1
15119,13215,1
51963,63923,0
39512,24117,0
26263,12712,0
24317,11967,0
9381,40376,0
36120,14378,0
16286,37777,1
51560,1226,0
4538,20140,1
15940,66786,0
35611,22712,0
20357,53431,0
50718,48269,0
5645,69370,0
25078,57214,0
32590,2947,0
9207,32508,0
2916,6211,0
7596,29886,0
10600,57400,0
4928,14285,1
21121,65146,0
37527,3042,0
28909,54888,0
55214,17229,0
19331,28809,1
20436,58885,1
32936,4321,0
40466,46888,0
16927,42956,0
51846,655,0
13719,27382,0
2987,46990,0
52,17205,0
39962,15247,0
21687,55888,0
35617,64813,0
39141,12861,0
22460,38164,0
51660,58603,0
19926,43359,0
12414,35115,0
17690,23787,0
38329,24936,0
38441,41537,0
53311,2192,0
53719,36288,0
54019,25352,0
24184,2716,0
31062,47583,0
32039,37463,0
5236,53777,0
15908,14691,0
29198,55883,0
1413,37647,0
23587,67036,0
28968,44323,0
45941,2290,0
52058,4653,0
34811,32296,1
39367,66769,0
10723,7084,0
39283,47502,0
27781,32951,0
27544,48388,0
8569,39698,0
2161,39244,0
48296,15460,0
30287,64713,0
12635,20445,0
37472,1918,0
2404,53884,0
23271,20221,0
44833,11709,0
39114,19107,0
33227,53544,0
3624,59490,1
31228,42026,0
19737,44792,1
1784,67120,0
13249,45003,1
12083,63607,0
44084,64422,0
39026,22727,0
23919,60315,0
43135,44274,0
25748,50220,0
35591,53204,0
33880,58633,1
36128,61881,0
36148,21061,0
11887,47271,0
43325,35645,0
42428,38740,0
18794,17164,0
21214,50325,0
28061,44012,0
30000,5599,0
19559,40221,1
46063,38306,1
19535,48113,1
15279,56239,0
1851,51792,1
18221,56596,0
21495,55366,0
21339,47763,0
31366,8580,0
43850,19165,0
23619,4310,0
43789,8373,1
47239,1176,0
24263,26664,0
28154,49506,0
41613,63168,0
